LeadingOnes;10;50;RLS;1;0;0;29
LeadingOnes;10;50;RLS;1;1;3;51
LeadingOnes;10;50;RLS;1;2;0;45
LeadingOnes;10;50;RLS;1;3;3;51
LeadingOnes;10;50;RLS;1;4;0;14
LeadingOnes;10;50;RLS;1;5;0;47
LeadingOnes;10;50;RLS;1;6;0;37
LeadingOnes;10;50;RLS;1;7;0;23
LeadingOnes;10;50;RLS;1;8;1;51
LeadingOnes;10;50;RLS;1;9;2;51
LeadingOnes;10;50;RLS;1;10;0;43
LeadingOnes;10;50;RLS;1;11;0;20
LeadingOnes;10;50;RLS;1;12;4;51
LeadingOnes;10;50;RLS;1;13;0;28
LeadingOnes;10;50;RLS;1;14;3;51
LeadingOnes;10;50;RLS;1;15;0;29
LeadingOnes;10;50;RLS;1;16;0;34
LeadingOnes;10;50;RLS;1;17;0;6
LeadingOnes;10;50;RLS;1;18;0;31
LeadingOnes;10;50;RLS;1;19;1;51
LeadingOnes;10;50;RLS;1;20;6;51
LeadingOnes;10;50;RLS;1;21;0;15
LeadingOnes;10;50;RLS;1;22;0;40
LeadingOnes;10;50;RLS;1;23;0;24
LeadingOnes;10;50;RLS;1;24;0;44
LeadingOnes;10;50;RLS;1;25;0;13
LeadingOnes;10;50;RLS;1;26;2;51
LeadingOnes;10;50;RLS;1;27;0;43
LeadingOnes;10;50;RLS;1;28;0;11
LeadingOnes;10;50;RLS;1;29;0;37
LeadingOnes;10;50;RLS;1;30;0;30
LeadingOnes;10;50;RLS;1;31;0;35
LeadingOnes;10;50;RLS;1;32;0;47
LeadingOnes;10;50;RLS;1;33;0;40
LeadingOnes;10;50;RLS;1;34;4;51
LeadingOnes;10;50;RLS;1;35;1;51
LeadingOnes;10;50;RLS;1;36;5;51
LeadingOnes;10;50;RLS;1;37;0;20
LeadingOnes;10;50;RLS;1;38;7;51
LeadingOnes;10;50;RLS;1;39;0;50
LeadingOnes;10;50;RLS;1;40;3;51
LeadingOnes;10;50;RLS;1;41;1;51
LeadingOnes;10;50;RLS;1;42;0;26
LeadingOnes;10;50;RLS;1;43;0;1
LeadingOnes;10;50;RLS;1;44;8;51
LeadingOnes;10;50;RLS;1;45;1;51
LeadingOnes;10;50;RLS;1;46;6;51
LeadingOnes;10;50;RLS;1;47;0;33
LeadingOnes;10;50;RLS;1;48;0;39
LeadingOnes;10;50;RLS;1;49;4;51
LeadingOnes;10;50;RLS;1;50;5;51
LeadingOnes;10;50;RLS;1;51;0;27
LeadingOnes;10;50;RLS;1;52;8;51
LeadingOnes;10;50;RLS;1;53;0;19
LeadingOnes;10;50;RLS;1;54;2;51
LeadingOnes;10;50;RLS;1;55;0;48
LeadingOnes;10;50;RLS;1;56;1;51
LeadingOnes;10;50;RLS;1;57;0;49
LeadingOnes;10;50;RLS;1;58;9;51
LeadingOnes;10;50;RLS;1;59;0;16
LeadingOnes;10;50;RLS;1;60;0;35
LeadingOnes;10;50;RLS;1;61;0;31
LeadingOnes;10;50;RLS;1;62;8;51
LeadingOnes;10;50;RLS;1;63;3;51
LeadingOnes;10;50;RLS;1;64;4;51
LeadingOnes;10;50;RLS;1;65;0;21
LeadingOnes;10;50;RLS;1;66;0;40
LeadingOnes;10;50;RLS;1;67;2;51
LeadingOnes;10;50;RLS;1;68;0;19
LeadingOnes;10;50;RLS;1;69;0;30
LeadingOnes;10;50;RLS;1;70;0;18
LeadingOnes;10;50;RLS;1;71;0;38
LeadingOnes;10;50;RLS;1;72;3;51
LeadingOnes;10;50;RLS;1;73;0;42
LeadingOnes;10;50;RLS;1;74;0;30
LeadingOnes;10;50;RLS;1;75;5;51
LeadingOnes;10;50;RLS;1;76;0;44
LeadingOnes;10;50;RLS;1;77;5;51
LeadingOnes;10;50;RLS;1;78;0;12
LeadingOnes;10;50;RLS;1;79;0;41
LeadingOnes;10;50;RLS;1;80;0;38
LeadingOnes;10;50;RLS;1;81;0;48
LeadingOnes;10;50;RLS;1;82;0;43
LeadingOnes;10;50;RLS;1;83;6;51
LeadingOnes;10;50;RLS;1;84;3;51
LeadingOnes;10;50;RLS;1;85;0;29
LeadingOnes;10;50;RLS;1;86;5;51
LeadingOnes;10;50;RLS;1;87;0;20
LeadingOnes;10;50;RLS;1;88;0;19
LeadingOnes;10;50;RLS;1;89;0;3
LeadingOnes;10;50;RLS;1;90;0;41
LeadingOnes;10;50;RLS;1;91;4;51
LeadingOnes;10;50;RLS;1;92;3;51
LeadingOnes;10;50;RLS;1;93;0;50
LeadingOnes;10;50;RLS;1;94;2;51
LeadingOnes;10;50;RLS;1;95;3;51
LeadingOnes;10;50;RLS;1;96;0;9
LeadingOnes;10;50;RLS;1;97;0;25
LeadingOnes;10;50;RLS;1;98;3;51
LeadingOnes;10;50;RLS;1;99;0;36
LeadingOnes;10;75;RLS;1;0;0;22
LeadingOnes;10;75;RLS;1;1;0;55
LeadingOnes;10;75;RLS;1;2;0;72
LeadingOnes;10;75;RLS;1;3;0;28
LeadingOnes;10;75;RLS;1;4;0;16
LeadingOnes;10;75;RLS;1;5;4;76
LeadingOnes;10;75;RLS;1;6;0;67
LeadingOnes;10;75;RLS;1;7;4;76
LeadingOnes;10;75;RLS;1;8;0;47
LeadingOnes;10;75;RLS;1;9;3;76
LeadingOnes;10;75;RLS;1;10;2;76
LeadingOnes;10;75;RLS;1;11;0;61
LeadingOnes;10;75;RLS;1;12;3;76
LeadingOnes;10;75;RLS;1;13;0;36
LeadingOnes;10;75;RLS;1;14;4;76
LeadingOnes;10;75;RLS;1;15;4;76
LeadingOnes;10;75;RLS;1;16;0;47
LeadingOnes;10;75;RLS;1;17;0;49
LeadingOnes;10;75;RLS;1;18;0;10
LeadingOnes;10;75;RLS;1;19;0;20
LeadingOnes;10;75;RLS;1;20;0;31
LeadingOnes;10;75;RLS;1;21;0;38
LeadingOnes;10;75;RLS;1;22;3;76
LeadingOnes;10;75;RLS;1;23;0;27
LeadingOnes;10;75;RLS;1;24;0;53
LeadingOnes;10;75;RLS;1;25;0;28
LeadingOnes;10;75;RLS;1;26;0;48
LeadingOnes;10;75;RLS;1;27;1;76
LeadingOnes;10;75;RLS;1;28;0;46
LeadingOnes;10;75;RLS;1;29;8;76
LeadingOnes;10;75;RLS;1;30;0;75
LeadingOnes;10;75;RLS;1;31;1;76
LeadingOnes;10;75;RLS;1;32;0;17
LeadingOnes;10;75;RLS;1;33;5;76
LeadingOnes;10;75;RLS;1;34;0;49
LeadingOnes;10;75;RLS;1;35;0;51
LeadingOnes;10;75;RLS;1;36;0;39
LeadingOnes;10;75;RLS;1;37;0;60
LeadingOnes;10;75;RLS;1;38;5;76
LeadingOnes;10;75;RLS;1;39;0;54
LeadingOnes;10;75;RLS;1;40;1;76
LeadingOnes;10;75;RLS;1;41;0;11
LeadingOnes;10;75;RLS;1;42;3;76
LeadingOnes;10;75;RLS;1;43;0;25
LeadingOnes;10;75;RLS;1;44;0;48
LeadingOnes;10;75;RLS;1;45;0;48
LeadingOnes;10;75;RLS;1;46;0;53
LeadingOnes;10;75;RLS;1;47;0;59
LeadingOnes;10;75;RLS;1;48;0;31
LeadingOnes;10;75;RLS;1;49;0;28
LeadingOnes;10;75;RLS;1;50;0;43
LeadingOnes;10;75;RLS;1;51;0;30
LeadingOnes;10;75;RLS;1;52;0;60
LeadingOnes;10;75;RLS;1;53;0;48
LeadingOnes;10;75;RLS;1;54;0;5
LeadingOnes;10;75;RLS;1;55;9;76
LeadingOnes;10;75;RLS;1;56;0;28
LeadingOnes;10;75;RLS;1;57;1;76
LeadingOnes;10;75;RLS;1;58;0;50
LeadingOnes;10;75;RLS;1;59;0;33
LeadingOnes;10;75;RLS;1;60;0;41
LeadingOnes;10;75;RLS;1;61;0;18
LeadingOnes;10;75;RLS;1;62;0;38
LeadingOnes;10;75;RLS;1;63;0;46
LeadingOnes;10;75;RLS;1;64;0;41
LeadingOnes;10;75;RLS;1;65;0;55
LeadingOnes;10;75;RLS;1;66;0;22
LeadingOnes;10;75;RLS;1;67;0;63
LeadingOnes;10;75;RLS;1;68;0;40
LeadingOnes;10;75;RLS;1;69;0;18
LeadingOnes;10;75;RLS;1;70;5;76
LeadingOnes;10;75;RLS;1;71;0;30
LeadingOnes;10;75;RLS;1;72;0;71
LeadingOnes;10;75;RLS;1;73;0;43
LeadingOnes;10;75;RLS;1;74;0;72
LeadingOnes;10;75;RLS;1;75;0;17
LeadingOnes;10;75;RLS;1;76;0;43
LeadingOnes;10;75;RLS;1;77;0;22
LeadingOnes;10;75;RLS;1;78;0;24
LeadingOnes;10;75;RLS;1;79;0;38
LeadingOnes;10;75;RLS;1;80;1;76
LeadingOnes;10;75;RLS;1;81;0;33
LeadingOnes;10;75;RLS;1;82;6;76
LeadingOnes;10;75;RLS;1;83;0;53
LeadingOnes;10;75;RLS;1;84;0;57
LeadingOnes;10;75;RLS;1;85;0;71
LeadingOnes;10;75;RLS;1;86;0;51
LeadingOnes;10;75;RLS;1;87;0;14
LeadingOnes;10;75;RLS;1;88;0;35
LeadingOnes;10;75;RLS;1;89;0;32
LeadingOnes;10;75;RLS;1;90;0;61
LeadingOnes;10;75;RLS;1;91;0;31
LeadingOnes;10;75;RLS;1;92;0;54
LeadingOnes;10;75;RLS;1;93;4;76
LeadingOnes;10;75;RLS;1;94;2;76
LeadingOnes;10;75;RLS;1;95;6;76
LeadingOnes;10;75;RLS;1;96;1;76
LeadingOnes;10;75;RLS;1;97;0;64
LeadingOnes;10;75;RLS;1;98;0;48
LeadingOnes;10;75;RLS;1;99;0;39
LeadingOnes;10;50;RLS;2;0;0;43
LeadingOnes;10;50;RLS;2;1;1;51
LeadingOnes;10;50;RLS;2;2;2;51
LeadingOnes;10;50;RLS;2;3;5;51
LeadingOnes;10;50;RLS;2;4;1;51
LeadingOnes;10;50;RLS;2;5;1;51
LeadingOnes;10;50;RLS;2;6;1;51
LeadingOnes;10;50;RLS;2;7;3;51
LeadingOnes;10;50;RLS;2;8;0;47
LeadingOnes;10;50;RLS;2;9;1;51
LeadingOnes;10;50;RLS;2;10;0;33
LeadingOnes;10;50;RLS;2;11;1;51
LeadingOnes;10;50;RLS;2;12;0;8
LeadingOnes;10;50;RLS;2;13;1;51
LeadingOnes;10;50;RLS;2;14;3;51
LeadingOnes;10;50;RLS;2;15;0;37
LeadingOnes;10;50;RLS;2;16;2;51
LeadingOnes;10;50;RLS;2;17;1;51
LeadingOnes;10;50;RLS;2;18;2;51
LeadingOnes;10;50;RLS;2;19;4;51
LeadingOnes;10;50;RLS;2;20;0;42
LeadingOnes;10;50;RLS;2;21;1;51
LeadingOnes;10;50;RLS;2;22;0;30
LeadingOnes;10;50;RLS;2;23;0;29
LeadingOnes;10;50;RLS;2;24;3;51
LeadingOnes;10;50;RLS;2;25;4;51
LeadingOnes;10;50;RLS;2;26;6;51
LeadingOnes;10;50;RLS;2;27;1;51
LeadingOnes;10;50;RLS;2;28;0;32
LeadingOnes;10;50;RLS;2;29;4;51
LeadingOnes;10;50;RLS;2;30;0;47
LeadingOnes;10;50;RLS;2;31;0;35
LeadingOnes;10;50;RLS;2;32;1;51
LeadingOnes;10;50;RLS;2;33;0;4
LeadingOnes;10;50;RLS;2;34;1;51
LeadingOnes;10;50;RLS;2;35;3;51
LeadingOnes;10;50;RLS;2;36;1;51
LeadingOnes;10;50;RLS;2;37;3;51
LeadingOnes;10;50;RLS;2;38;1;51
LeadingOnes;10;50;RLS;2;39;2;51
LeadingOnes;10;50;RLS;2;40;0;14
LeadingOnes;10;50;RLS;2;41;0;42
LeadingOnes;10;50;RLS;2;42;2;51
LeadingOnes;10;50;RLS;2;43;1;51
LeadingOnes;10;50;RLS;2;44;3;51
LeadingOnes;10;50;RLS;2;45;1;51
LeadingOnes;10;50;RLS;2;46;1;51
LeadingOnes;10;50;RLS;2;47;3;51
LeadingOnes;10;50;RLS;2;48;0;7
LeadingOnes;10;50;RLS;2;49;1;51
LeadingOnes;10;50;RLS;2;50;1;51
LeadingOnes;10;50;RLS;2;51;0;16
LeadingOnes;10;50;RLS;2;52;4;51
LeadingOnes;10;50;RLS;2;53;1;51
LeadingOnes;10;50;RLS;2;54;3;51
LeadingOnes;10;50;RLS;2;55;2;51
LeadingOnes;10;50;RLS;2;56;4;51
LeadingOnes;10;50;RLS;2;57;2;51
LeadingOnes;10;50;RLS;2;58;2;51
LeadingOnes;10;50;RLS;2;59;1;51
LeadingOnes;10;50;RLS;2;60;0;17
LeadingOnes;10;50;RLS;2;61;3;51
LeadingOnes;10;50;RLS;2;62;1;51
LeadingOnes;10;50;RLS;2;63;2;51
LeadingOnes;10;50;RLS;2;64;1;51
LeadingOnes;10;50;RLS;2;65;2;51
LeadingOnes;10;50;RLS;2;66;0;34
LeadingOnes;10;50;RLS;2;67;4;51
LeadingOnes;10;50;RLS;2;68;3;51
LeadingOnes;10;50;RLS;2;69;2;51
LeadingOnes;10;50;RLS;2;70;2;51
LeadingOnes;10;50;RLS;2;71;3;51
LeadingOnes;10;50;RLS;2;72;0;31
LeadingOnes;10;50;RLS;2;73;5;51
LeadingOnes;10;50;RLS;2;74;2;51
LeadingOnes;10;50;RLS;2;75;2;51
LeadingOnes;10;50;RLS;2;76;0;28
LeadingOnes;10;50;RLS;2;77;1;51
LeadingOnes;10;50;RLS;2;78;0;42
LeadingOnes;10;50;RLS;2;79;4;51
LeadingOnes;10;50;RLS;2;80;2;51
LeadingOnes;10;50;RLS;2;81;1;51
LeadingOnes;10;50;RLS;2;82;7;51
LeadingOnes;10;50;RLS;2;83;5;51
LeadingOnes;10;50;RLS;2;84;1;51
LeadingOnes;10;50;RLS;2;85;4;51
LeadingOnes;10;50;RLS;2;86;3;51
LeadingOnes;10;50;RLS;2;87;0;33
LeadingOnes;10;50;RLS;2;88;6;51
LeadingOnes;10;50;RLS;2;89;2;51
LeadingOnes;10;50;RLS;2;90;1;51
LeadingOnes;10;50;RLS;2;91;1;51
LeadingOnes;10;50;RLS;2;92;3;51
LeadingOnes;10;50;RLS;2;93;2;51
LeadingOnes;10;50;RLS;2;94;3;51
LeadingOnes;10;50;RLS;2;95;1;51
LeadingOnes;10;50;RLS;2;96;3;51
LeadingOnes;10;50;RLS;2;97;2;51
LeadingOnes;10;50;RLS;2;98;1;51
LeadingOnes;10;50;RLS;2;99;3;51
LeadingOnes;10;75;RLS;2;0;2;76
LeadingOnes;10;75;RLS;2;1;0;11
LeadingOnes;10;75;RLS;2;2;1;76
LeadingOnes;10;75;RLS;2;3;3;76
LeadingOnes;10;75;RLS;2;4;0;23
LeadingOnes;10;75;RLS;2;5;3;76
LeadingOnes;10;75;RLS;2;6;1;76
LeadingOnes;10;75;RLS;2;7;1;76
LeadingOnes;10;75;RLS;2;8;0;16
LeadingOnes;10;75;RLS;2;9;2;76
LeadingOnes;10;75;RLS;2;10;1;76
LeadingOnes;10;75;RLS;2;11;0;49
LeadingOnes;10;75;RLS;2;12;2;76
LeadingOnes;10;75;RLS;2;13;2;76
LeadingOnes;10;75;RLS;2;14;0;36
LeadingOnes;10;75;RLS;2;15;0;20
LeadingOnes;10;75;RLS;2;16;3;76
LeadingOnes;10;75;RLS;2;17;1;76
LeadingOnes;10;75;RLS;2;18;2;76
LeadingOnes;10;75;RLS;2;19;0;18
LeadingOnes;10;75;RLS;2;20;0;63
LeadingOnes;10;75;RLS;2;21;2;76
LeadingOnes;10;75;RLS;2;22;2;76
LeadingOnes;10;75;RLS;2;23;0;73
LeadingOnes;10;75;RLS;2;24;0;68
LeadingOnes;10;75;RLS;2;25;3;76
LeadingOnes;10;75;RLS;2;26;3;76
LeadingOnes;10;75;RLS;2;27;3;76
LeadingOnes;10;75;RLS;2;28;1;76
LeadingOnes;10;75;RLS;2;29;0;9
LeadingOnes;10;75;RLS;2;30;0;61
LeadingOnes;10;75;RLS;2;31;0;75
LeadingOnes;10;75;RLS;2;32;1;76
LeadingOnes;10;75;RLS;2;33;1;76
LeadingOnes;10;75;RLS;2;34;0;64
LeadingOnes;10;75;RLS;2;35;0;34
LeadingOnes;10;75;RLS;2;36;2;76
LeadingOnes;10;75;RLS;2;37;2;76
LeadingOnes;10;75;RLS;2;38;0;22
LeadingOnes;10;75;RLS;2;39;6;76
LeadingOnes;10;75;RLS;2;40;3;76
LeadingOnes;10;75;RLS;2;41;1;76
LeadingOnes;10;75;RLS;2;42;4;76
LeadingOnes;10;75;RLS;2;43;2;76
LeadingOnes;10;75;RLS;2;44;1;76
LeadingOnes;10;75;RLS;2;45;0;29
LeadingOnes;10;75;RLS;2;46;1;76
LeadingOnes;10;75;RLS;2;47;0;45
LeadingOnes;10;75;RLS;2;48;2;76
LeadingOnes;10;75;RLS;2;49;0;63
LeadingOnes;10;75;RLS;2;50;0;42
LeadingOnes;10;75;RLS;2;51;3;76
LeadingOnes;10;75;RLS;2;52;2;76
LeadingOnes;10;75;RLS;2;53;0;21
LeadingOnes;10;75;RLS;2;54;0;6
LeadingOnes;10;75;RLS;2;55;1;76
LeadingOnes;10;75;RLS;2;56;1;76
LeadingOnes;10;75;RLS;2;57;3;76
LeadingOnes;10;75;RLS;2;58;0;23
LeadingOnes;10;75;RLS;2;59;2;76
LeadingOnes;10;75;RLS;2;60;3;76
LeadingOnes;10;75;RLS;2;61;2;76
LeadingOnes;10;75;RLS;2;62;2;76
LeadingOnes;10;75;RLS;2;63;1;76
LeadingOnes;10;75;RLS;2;64;0;23
LeadingOnes;10;75;RLS;2;65;2;76
LeadingOnes;10;75;RLS;2;66;1;76
LeadingOnes;10;75;RLS;2;67;0;35
LeadingOnes;10;75;RLS;2;68;0;20
LeadingOnes;10;75;RLS;2;69;1;76
LeadingOnes;10;75;RLS;2;70;0;8
LeadingOnes;10;75;RLS;2;71;1;76
LeadingOnes;10;75;RLS;2;72;2;76
LeadingOnes;10;75;RLS;2;73;0;41
LeadingOnes;10;75;RLS;2;74;1;76
LeadingOnes;10;75;RLS;2;75;4;76
LeadingOnes;10;75;RLS;2;76;1;76
LeadingOnes;10;75;RLS;2;77;1;76
LeadingOnes;10;75;RLS;2;78;0;43
LeadingOnes;10;75;RLS;2;79;0;1
LeadingOnes;10;75;RLS;2;80;1;76
LeadingOnes;10;75;RLS;2;81;2;76
LeadingOnes;10;75;RLS;2;82;3;76
LeadingOnes;10;75;RLS;2;83;0;17
LeadingOnes;10;75;RLS;2;84;0;15
LeadingOnes;10;75;RLS;2;85;0;17
LeadingOnes;10;75;RLS;2;86;1;76
LeadingOnes;10;75;RLS;2;87;0;64
LeadingOnes;10;75;RLS;2;88;1;76
LeadingOnes;10;75;RLS;2;89;2;76
LeadingOnes;10;75;RLS;2;90;1;76
LeadingOnes;10;75;RLS;2;91;0;57
LeadingOnes;10;75;RLS;2;92;2;76
LeadingOnes;10;75;RLS;2;93;0;19
LeadingOnes;10;75;RLS;2;94;1;76
LeadingOnes;10;75;RLS;2;95;1;76
LeadingOnes;10;75;RLS;2;96;1;76
LeadingOnes;10;75;RLS;2;97;2;76
LeadingOnes;10;75;RLS;2;98;2;76
LeadingOnes;10;75;RLS;2;99;0;71
LeadingOnes;20;200;RLS;1;0;1;201
LeadingOnes;20;200;RLS;1;1;9;201
LeadingOnes;20;200;RLS;1;2;0;132
LeadingOnes;20;200;RLS;1;3;1;201
LeadingOnes;20;200;RLS;1;4;0;165
LeadingOnes;20;200;RLS;1;5;0;182
LeadingOnes;20;200;RLS;1;6;0;177
LeadingOnes;20;200;RLS;1;7;0;168
LeadingOnes;20;200;RLS;1;8;0;197
LeadingOnes;20;200;RLS;1;9;0;161
LeadingOnes;20;200;RLS;1;10;0;177
LeadingOnes;20;200;RLS;1;11;9;201
LeadingOnes;20;200;RLS;1;12;0;66
LeadingOnes;20;200;RLS;1;13;0;149
LeadingOnes;20;200;RLS;1;14;5;201
LeadingOnes;20;200;RLS;1;15;13;201
LeadingOnes;20;200;RLS;1;16;6;201
LeadingOnes;20;200;RLS;1;17;0;56
LeadingOnes;20;200;RLS;1;18;9;201
LeadingOnes;20;200;RLS;1;19;0;150
LeadingOnes;20;200;RLS;1;20;0;117
LeadingOnes;20;200;RLS;1;21;0;107
LeadingOnes;20;200;RLS;1;22;0;165
LeadingOnes;20;200;RLS;1;23;0;114
LeadingOnes;20;200;RLS;1;24;6;201
LeadingOnes;20;200;RLS;1;25;6;201
LeadingOnes;20;200;RLS;1;26;0;178
LeadingOnes;20;200;RLS;1;27;0;187
LeadingOnes;20;200;RLS;1;28;0;188
LeadingOnes;20;200;RLS;1;29;5;201
LeadingOnes;20;200;RLS;1;30;0;104
LeadingOnes;20;200;RLS;1;31;0;177
LeadingOnes;20;200;RLS;1;32;3;201
LeadingOnes;20;200;RLS;1;33;0;159
LeadingOnes;20;200;RLS;1;34;11;201
LeadingOnes;20;200;RLS;1;35;0;85
LeadingOnes;20;200;RLS;1;36;8;201
LeadingOnes;20;200;RLS;1;37;0;117
LeadingOnes;20;200;RLS;1;38;0;181
LeadingOnes;20;200;RLS;1;39;4;201
LeadingOnes;20;200;RLS;1;40;8;201
LeadingOnes;20;200;RLS;1;41;0;96
LeadingOnes;20;200;RLS;1;42;0;194
LeadingOnes;20;200;RLS;1;43;1;201
LeadingOnes;20;200;RLS;1;44;0;190
LeadingOnes;20;200;RLS;1;45;7;201
LeadingOnes;20;200;RLS;1;46;0;124
LeadingOnes;20;200;RLS;1;47;6;201
LeadingOnes;20;200;RLS;1;48;0;133
LeadingOnes;20;200;RLS;1;49;0;194
LeadingOnes;20;200;RLS;1;50;0;117
LeadingOnes;20;200;RLS;1;51;0;164
LeadingOnes;20;200;RLS;1;52;0;168
LeadingOnes;20;200;RLS;1;53;2;201
LeadingOnes;20;200;RLS;1;54;0;122
LeadingOnes;20;200;RLS;1;55;3;201
LeadingOnes;20;200;RLS;1;56;0;170
LeadingOnes;20;200;RLS;1;57;0;63
LeadingOnes;20;200;RLS;1;58;0;132
LeadingOnes;20;200;RLS;1;59;0;187
LeadingOnes;20;200;RLS;1;60;0;154
LeadingOnes;20;200;RLS;1;61;0;116
LeadingOnes;20;200;RLS;1;62;11;201
LeadingOnes;20;200;RLS;1;63;5;201
LeadingOnes;20;200;RLS;1;64;0;162
LeadingOnes;20;200;RLS;1;65;7;201
LeadingOnes;20;200;RLS;1;66;0;164
LeadingOnes;20;200;RLS;1;67;5;201
LeadingOnes;20;200;RLS;1;68;7;201
LeadingOnes;20;200;RLS;1;69;1;201
LeadingOnes;20;200;RLS;1;70;0;163
LeadingOnes;20;200;RLS;1;71;0;162
LeadingOnes;20;200;RLS;1;72;0;114
LeadingOnes;20;200;RLS;1;73;0;164
LeadingOnes;20;200;RLS;1;74;2;201
LeadingOnes;20;200;RLS;1;75;3;201
LeadingOnes;20;200;RLS;1;76;0;187
LeadingOnes;20;200;RLS;1;77;0;154
LeadingOnes;20;200;RLS;1;78;6;201
LeadingOnes;20;200;RLS;1;79;7;201
LeadingOnes;20;200;RLS;1;80;4;201
LeadingOnes;20;200;RLS;1;81;0;119
LeadingOnes;20;200;RLS;1;82;3;201
LeadingOnes;20;200;RLS;1;83;0;189
LeadingOnes;20;200;RLS;1;84;3;201
LeadingOnes;20;200;RLS;1;85;0;197
LeadingOnes;20;200;RLS;1;86;0;128
LeadingOnes;20;200;RLS;1;87;0;148
LeadingOnes;20;200;RLS;1;88;2;201
LeadingOnes;20;200;RLS;1;89;0;200
LeadingOnes;20;200;RLS;1;90;0;180
LeadingOnes;20;200;RLS;1;91;1;201
LeadingOnes;20;200;RLS;1;92;0;148
LeadingOnes;20;200;RLS;1;93;8;201
LeadingOnes;20;200;RLS;1;94;10;201
LeadingOnes;20;200;RLS;1;95;0;90
LeadingOnes;20;200;RLS;1;96;0;53
LeadingOnes;20;200;RLS;1;97;3;201
LeadingOnes;20;200;RLS;1;98;0;175
LeadingOnes;20;200;RLS;1;99;3;201
LeadingOnes;20;300;RLS;1;0;0;179
LeadingOnes;20;300;RLS;1;1;0;221
LeadingOnes;20;300;RLS;1;2;0;96
LeadingOnes;20;300;RLS;1;3;0;71
LeadingOnes;20;300;RLS;1;4;0;106
LeadingOnes;20;300;RLS;1;5;0;246
LeadingOnes;20;300;RLS;1;6;0;271
LeadingOnes;20;300;RLS;1;7;11;301
LeadingOnes;20;300;RLS;1;8;0;110
LeadingOnes;20;300;RLS;1;9;6;301
LeadingOnes;20;300;RLS;1;10;0;282
LeadingOnes;20;300;RLS;1;11;5;301
LeadingOnes;20;300;RLS;1;12;12;301
LeadingOnes;20;300;RLS;1;13;0;266
LeadingOnes;20;300;RLS;1;14;0;195
LeadingOnes;20;300;RLS;1;15;0;240
LeadingOnes;20;300;RLS;1;16;0;146
LeadingOnes;20;300;RLS;1;17;0;131
LeadingOnes;20;300;RLS;1;18;0;187
LeadingOnes;20;300;RLS;1;19;0;164
LeadingOnes;20;300;RLS;1;20;0;245
LeadingOnes;20;300;RLS;1;21;0;109
LeadingOnes;20;300;RLS;1;22;0;292
LeadingOnes;20;300;RLS;1;23;0;196
LeadingOnes;20;300;RLS;1;24;0;150
LeadingOnes;20;300;RLS;1;25;0;167
LeadingOnes;20;300;RLS;1;26;7;301
LeadingOnes;20;300;RLS;1;27;0;122
LeadingOnes;20;300;RLS;1;28;0;103
LeadingOnes;20;300;RLS;1;29;0;161
LeadingOnes;20;300;RLS;1;30;0;224
LeadingOnes;20;300;RLS;1;31;0;180
LeadingOnes;20;300;RLS;1;32;0;171
LeadingOnes;20;300;RLS;1;33;0;210
LeadingOnes;20;300;RLS;1;34;0;71
LeadingOnes;20;300;RLS;1;35;0;130
LeadingOnes;20;300;RLS;1;36;0;226
LeadingOnes;20;300;RLS;1;37;3;301
LeadingOnes;20;300;RLS;1;38;0;219
LeadingOnes;20;300;RLS;1;39;0;243
LeadingOnes;20;300;RLS;1;40;0;187
LeadingOnes;20;300;RLS;1;41;0;278
LeadingOnes;20;300;RLS;1;42;0;201
LeadingOnes;20;300;RLS;1;43;3;301
LeadingOnes;20;300;RLS;1;44;0;165
LeadingOnes;20;300;RLS;1;45;0;187
LeadingOnes;20;300;RLS;1;46;0;201
LeadingOnes;20;300;RLS;1;47;2;301
LeadingOnes;20;300;RLS;1;48;2;301
LeadingOnes;20;300;RLS;1;49;0;92
LeadingOnes;20;300;RLS;1;50;0;256
LeadingOnes;20;300;RLS;1;51;0;189
LeadingOnes;20;300;RLS;1;52;0;137
LeadingOnes;20;300;RLS;1;53;0;274
LeadingOnes;20;300;RLS;1;54;0;279
LeadingOnes;20;300;RLS;1;55;0;240
LeadingOnes;20;300;RLS;1;56;0;293
LeadingOnes;20;300;RLS;1;57;0;277
LeadingOnes;20;300;RLS;1;58;0;152
LeadingOnes;20;300;RLS;1;59;0;135
LeadingOnes;20;300;RLS;1;60;0;271
LeadingOnes;20;300;RLS;1;61;0;251
LeadingOnes;20;300;RLS;1;62;0;249
LeadingOnes;20;300;RLS;1;63;0;168
LeadingOnes;20;300;RLS;1;64;0;213
LeadingOnes;20;300;RLS;1;65;0;195
LeadingOnes;20;300;RLS;1;66;0;147
LeadingOnes;20;300;RLS;1;67;0;266
LeadingOnes;20;300;RLS;1;68;0;134
LeadingOnes;20;300;RLS;1;69;0;96
LeadingOnes;20;300;RLS;1;70;0;196
LeadingOnes;20;300;RLS;1;71;0;137
LeadingOnes;20;300;RLS;1;72;0;235
LeadingOnes;20;300;RLS;1;73;7;301
LeadingOnes;20;300;RLS;1;74;0;198
LeadingOnes;20;300;RLS;1;75;0;278
LeadingOnes;20;300;RLS;1;76;11;301
LeadingOnes;20;300;RLS;1;77;0;201
LeadingOnes;20;300;RLS;1;78;0;174
LeadingOnes;20;300;RLS;1;79;0;145
LeadingOnes;20;300;RLS;1;80;2;301
LeadingOnes;20;300;RLS;1;81;0;87
LeadingOnes;20;300;RLS;1;82;0;129
LeadingOnes;20;300;RLS;1;83;0;222
LeadingOnes;20;300;RLS;1;84;0;96
LeadingOnes;20;300;RLS;1;85;0;214
LeadingOnes;20;300;RLS;1;86;0;201
LeadingOnes;20;300;RLS;1;87;0;169
LeadingOnes;20;300;RLS;1;88;0;97
LeadingOnes;20;300;RLS;1;89;0;156
LeadingOnes;20;300;RLS;1;90;0;153
LeadingOnes;20;300;RLS;1;91;0;30
LeadingOnes;20;300;RLS;1;92;0;119
LeadingOnes;20;300;RLS;1;93;0;119
LeadingOnes;20;300;RLS;1;94;0;206
LeadingOnes;20;300;RLS;1;95;0;126
LeadingOnes;20;300;RLS;1;96;0;178
LeadingOnes;20;300;RLS;1;97;3;301
LeadingOnes;20;300;RLS;1;98;0;218
LeadingOnes;20;300;RLS;1;99;0;131
LeadingOnes;20;200;RLS;2;0;6;201
LeadingOnes;20;200;RLS;2;1;5;201
LeadingOnes;20;200;RLS;2;2;1;201
LeadingOnes;20;200;RLS;2;3;0;177
LeadingOnes;20;200;RLS;2;4;4;201
LeadingOnes;20;200;RLS;2;5;0;196
LeadingOnes;20;200;RLS;2;6;1;201
LeadingOnes;20;200;RLS;2;7;4;201
LeadingOnes;20;200;RLS;2;8;6;201
LeadingOnes;20;200;RLS;2;9;4;201
LeadingOnes;20;200;RLS;2;10;7;201
LeadingOnes;20;200;RLS;2;11;1;201
LeadingOnes;20;200;RLS;2;12;0;99
LeadingOnes;20;200;RLS;2;13;9;201
LeadingOnes;20;200;RLS;2;14;3;201
LeadingOnes;20;200;RLS;2;15;7;201
LeadingOnes;20;200;RLS;2;16;4;201
LeadingOnes;20;200;RLS;2;17;5;201
LeadingOnes;20;200;RLS;2;18;5;201
LeadingOnes;20;200;RLS;2;19;0;156
LeadingOnes;20;200;RLS;2;20;0;149
LeadingOnes;20;200;RLS;2;21;4;201
LeadingOnes;20;200;RLS;2;22;2;201
LeadingOnes;20;200;RLS;2;23;4;201
LeadingOnes;20;200;RLS;2;24;4;201
LeadingOnes;20;200;RLS;2;25;7;201
LeadingOnes;20;200;RLS;2;26;0;143
LeadingOnes;20;200;RLS;2;27;2;201
LeadingOnes;20;200;RLS;2;28;4;201
LeadingOnes;20;200;RLS;2;29;5;201
LeadingOnes;20;200;RLS;2;30;2;201
LeadingOnes;20;200;RLS;2;31;3;201
LeadingOnes;20;200;RLS;2;32;8;201
LeadingOnes;20;200;RLS;2;33;2;201
LeadingOnes;20;200;RLS;2;34;0;183
LeadingOnes;20;200;RLS;2;35;1;201
LeadingOnes;20;200;RLS;2;36;2;201
LeadingOnes;20;200;RLS;2;37;1;201
LeadingOnes;20;200;RLS;2;38;0;48
LeadingOnes;20;200;RLS;2;39;10;201
LeadingOnes;20;200;RLS;2;40;1;201
LeadingOnes;20;200;RLS;2;41;3;201
LeadingOnes;20;200;RLS;2;42;0;200
LeadingOnes;20;200;RLS;2;43;6;201
LeadingOnes;20;200;RLS;2;44;2;201
LeadingOnes;20;200;RLS;2;45;5;201
LeadingOnes;20;200;RLS;2;46;2;201
LeadingOnes;20;200;RLS;2;47;3;201
LeadingOnes;20;200;RLS;2;48;4;201
LeadingOnes;20;200;RLS;2;49;8;201
LeadingOnes;20;200;RLS;2;50;3;201
LeadingOnes;20;200;RLS;2;51;4;201
LeadingOnes;20;200;RLS;2;52;6;201
LeadingOnes;20;200;RLS;2;53;6;201
LeadingOnes;20;200;RLS;2;54;1;201
LeadingOnes;20;200;RLS;2;55;0;164
LeadingOnes;20;200;RLS;2;56;1;201
LeadingOnes;20;200;RLS;2;57;1;201
LeadingOnes;20;200;RLS;2;58;5;201
LeadingOnes;20;200;RLS;2;59;5;201
LeadingOnes;20;200;RLS;2;60;1;201
LeadingOnes;20;200;RLS;2;61;2;201
LeadingOnes;20;200;RLS;2;62;2;201
LeadingOnes;20;200;RLS;2;63;1;201
LeadingOnes;20;200;RLS;2;64;0;153
LeadingOnes;20;200;RLS;2;65;3;201
LeadingOnes;20;200;RLS;2;66;3;201
LeadingOnes;20;200;RLS;2;67;1;201
LeadingOnes;20;200;RLS;2;68;3;201
LeadingOnes;20;200;RLS;2;69;4;201
LeadingOnes;20;200;RLS;2;70;1;201
LeadingOnes;20;200;RLS;2;71;4;201
LeadingOnes;20;200;RLS;2;72;1;201
LeadingOnes;20;200;RLS;2;73;5;201
LeadingOnes;20;200;RLS;2;74;8;201
LeadingOnes;20;200;RLS;2;75;6;201
LeadingOnes;20;200;RLS;2;76;2;201
LeadingOnes;20;200;RLS;2;77;1;201
LeadingOnes;20;200;RLS;2;78;5;201
LeadingOnes;20;200;RLS;2;79;2;201
LeadingOnes;20;200;RLS;2;80;0;198
LeadingOnes;20;200;RLS;2;81;3;201
LeadingOnes;20;200;RLS;2;82;4;201
LeadingOnes;20;200;RLS;2;83;4;201
LeadingOnes;20;200;RLS;2;84;5;201
LeadingOnes;20;200;RLS;2;85;6;201
LeadingOnes;20;200;RLS;2;86;0;125
LeadingOnes;20;200;RLS;2;87;0;198
LeadingOnes;20;200;RLS;2;88;9;201
LeadingOnes;20;200;RLS;2;89;5;201
LeadingOnes;20;200;RLS;2;90;0;164
LeadingOnes;20;200;RLS;2;91;0;196
LeadingOnes;20;200;RLS;2;92;8;201
LeadingOnes;20;200;RLS;2;93;5;201
LeadingOnes;20;200;RLS;2;94;1;201
LeadingOnes;20;200;RLS;2;95;2;201
LeadingOnes;20;200;RLS;2;96;11;201
LeadingOnes;20;200;RLS;2;97;3;201
LeadingOnes;20;200;RLS;2;98;1;201
LeadingOnes;20;200;RLS;2;99;2;201
LeadingOnes;20;300;RLS;2;0;0;261
LeadingOnes;20;300;RLS;2;1;1;301
LeadingOnes;20;300;RLS;2;2;1;301
LeadingOnes;20;300;RLS;2;3;0;254
LeadingOnes;20;300;RLS;2;4;0;233
LeadingOnes;20;300;RLS;2;5;4;301
LeadingOnes;20;300;RLS;2;6;5;301
LeadingOnes;20;300;RLS;2;7;0;186
LeadingOnes;20;300;RLS;2;8;1;301
LeadingOnes;20;300;RLS;2;9;0;258
LeadingOnes;20;300;RLS;2;10;1;301
LeadingOnes;20;300;RLS;2;11;2;301
LeadingOnes;20;300;RLS;2;12;2;301
LeadingOnes;20;300;RLS;2;13;2;301
LeadingOnes;20;300;RLS;2;14;3;301
LeadingOnes;20;300;RLS;2;15;0;245
LeadingOnes;20;300;RLS;2;16;3;301
LeadingOnes;20;300;RLS;2;17;3;301
LeadingOnes;20;300;RLS;2;18;1;301
LeadingOnes;20;300;RLS;2;19;0;82
LeadingOnes;20;300;RLS;2;20;0;237
LeadingOnes;20;300;RLS;2;21;2;301
LeadingOnes;20;300;RLS;2;22;2;301
LeadingOnes;20;300;RLS;2;23;1;301
LeadingOnes;20;300;RLS;2;24;1;301
LeadingOnes;20;300;RLS;2;25;2;301
LeadingOnes;20;300;RLS;2;26;6;301
LeadingOnes;20;300;RLS;2;27;1;301
LeadingOnes;20;300;RLS;2;28;3;301
LeadingOnes;20;300;RLS;2;29;1;301
LeadingOnes;20;300;RLS;2;30;1;301
LeadingOnes;20;300;RLS;2;31;0;282
LeadingOnes;20;300;RLS;2;32;1;301
LeadingOnes;20;300;RLS;2;33;0;132
LeadingOnes;20;300;RLS;2;34;2;301
LeadingOnes;20;300;RLS;2;35;2;301
LeadingOnes;20;300;RLS;2;36;1;301
LeadingOnes;20;300;RLS;2;37;5;301
LeadingOnes;20;300;RLS;2;38;2;301
LeadingOnes;20;300;RLS;2;39;2;301
LeadingOnes;20;300;RLS;2;40;0;104
LeadingOnes;20;300;RLS;2;41;3;301
LeadingOnes;20;300;RLS;2;42;3;301
LeadingOnes;20;300;RLS;2;43;3;301
LeadingOnes;20;300;RLS;2;44;1;301
LeadingOnes;20;300;RLS;2;45;2;301
LeadingOnes;20;300;RLS;2;46;0;209
LeadingOnes;20;300;RLS;2;47;1;301
LeadingOnes;20;300;RLS;2;48;2;301
LeadingOnes;20;300;RLS;2;49;1;301
LeadingOnes;20;300;RLS;2;50;0;109
LeadingOnes;20;300;RLS;2;51;3;301
LeadingOnes;20;300;RLS;2;52;2;301
LeadingOnes;20;300;RLS;2;53;2;301
LeadingOnes;20;300;RLS;2;54;3;301
LeadingOnes;20;300;RLS;2;55;3;301
LeadingOnes;20;300;RLS;2;56;3;301
LeadingOnes;20;300;RLS;2;57;0;108
LeadingOnes;20;300;RLS;2;58;3;301
LeadingOnes;20;300;RLS;2;59;0;227
LeadingOnes;20;300;RLS;2;60;3;301
LeadingOnes;20;300;RLS;2;61;0;188
LeadingOnes;20;300;RLS;2;62;2;301
LeadingOnes;20;300;RLS;2;63;2;301
LeadingOnes;20;300;RLS;2;64;1;301
LeadingOnes;20;300;RLS;2;65;0;205
LeadingOnes;20;300;RLS;2;66;1;301
LeadingOnes;20;300;RLS;2;67;0;176
LeadingOnes;20;300;RLS;2;68;1;301
LeadingOnes;20;300;RLS;2;69;1;301
LeadingOnes;20;300;RLS;2;70;0;107
LeadingOnes;20;300;RLS;2;71;0;140
LeadingOnes;20;300;RLS;2;72;1;301
LeadingOnes;20;300;RLS;2;73;4;301
LeadingOnes;20;300;RLS;2;74;2;301
LeadingOnes;20;300;RLS;2;75;0;263
LeadingOnes;20;300;RLS;2;76;2;301
LeadingOnes;20;300;RLS;2;77;2;301
LeadingOnes;20;300;RLS;2;78;0;68
LeadingOnes;20;300;RLS;2;79;0;191
LeadingOnes;20;300;RLS;2;80;2;301
LeadingOnes;20;300;RLS;2;81;0;206
LeadingOnes;20;300;RLS;2;82;0;201
LeadingOnes;20;300;RLS;2;83;3;301
LeadingOnes;20;300;RLS;2;84;1;301
LeadingOnes;20;300;RLS;2;85;3;301
LeadingOnes;20;300;RLS;2;86;2;301
LeadingOnes;20;300;RLS;2;87;2;301
LeadingOnes;20;300;RLS;2;88;1;301
LeadingOnes;20;300;RLS;2;89;1;301
LeadingOnes;20;300;RLS;2;90;3;301
LeadingOnes;20;300;RLS;2;91;0;114
LeadingOnes;20;300;RLS;2;92;1;301
LeadingOnes;20;300;RLS;2;93;1;301
LeadingOnes;20;300;RLS;2;94;2;301
LeadingOnes;20;300;RLS;2;95;1;301
LeadingOnes;20;300;RLS;2;96;4;301
LeadingOnes;20;300;RLS;2;97;3;301
LeadingOnes;20;300;RLS;2;98;3;301
LeadingOnes;20;300;RLS;2;99;3;301
LeadingOnes;50;1250;RLS;1;0;5;1251
LeadingOnes;50;1250;RLS;1;1;0;1205
LeadingOnes;50;1250;RLS;1;2;0;1176
LeadingOnes;50;1250;RLS;1;3;14;1251
LeadingOnes;50;1250;RLS;1;4;0;1122
LeadingOnes;50;1250;RLS;1;5;1;1251
LeadingOnes;50;1250;RLS;1;6;0;1084
LeadingOnes;50;1250;RLS;1;7;10;1251
LeadingOnes;50;1250;RLS;1;8;0;890
LeadingOnes;50;1250;RLS;1;9;0;903
LeadingOnes;50;1250;RLS;1;10;1;1251
LeadingOnes;50;1250;RLS;1;11;2;1251
LeadingOnes;50;1250;RLS;1;12;0;926
LeadingOnes;50;1250;RLS;1;13;0;1202
LeadingOnes;50;1250;RLS;1;14;7;1251
LeadingOnes;50;1250;RLS;1;15;0;864
LeadingOnes;50;1250;RLS;1;16;0;976
LeadingOnes;50;1250;RLS;1;17;6;1251
LeadingOnes;50;1250;RLS;1;18;0;975
LeadingOnes;50;1250;RLS;1;19;0;893
LeadingOnes;50;1250;RLS;1;20;12;1251
LeadingOnes;50;1250;RLS;1;21;2;1251
LeadingOnes;50;1250;RLS;1;22;5;1251
LeadingOnes;50;1250;RLS;1;23;4;1251
LeadingOnes;50;1250;RLS;1;24;20;1251
LeadingOnes;50;1250;RLS;1;25;1;1251
LeadingOnes;50;1250;RLS;1;26;11;1251
LeadingOnes;50;1250;RLS;1;27;0;1106
LeadingOnes;50;1250;RLS;1;28;0;1139
LeadingOnes;50;1250;RLS;1;29;0;1174
LeadingOnes;50;1250;RLS;1;30;13;1251
LeadingOnes;50;1250;RLS;1;31;0;1057
LeadingOnes;50;1250;RLS;1;32;0;1249
LeadingOnes;50;1250;RLS;1;33;0;484
LeadingOnes;50;1250;RLS;1;34;0;1199
LeadingOnes;50;1250;RLS;1;35;4;1251
LeadingOnes;50;1250;RLS;1;36;0;1204
LeadingOnes;50;1250;RLS;1;37;13;1251
LeadingOnes;50;1250;RLS;1;38;0;1126
LeadingOnes;50;1250;RLS;1;39;0;1123
LeadingOnes;50;1250;RLS;1;40;0;1219
LeadingOnes;50;1250;RLS;1;41;4;1251
LeadingOnes;50;1250;RLS;1;42;0;904
LeadingOnes;50;1250;RLS;1;43;14;1251
LeadingOnes;50;1250;RLS;1;44;0;803
LeadingOnes;50;1250;RLS;1;45;0;536
LeadingOnes;50;1250;RLS;1;46;15;1251
LeadingOnes;50;1250;RLS;1;47;0;1134
LeadingOnes;50;1250;RLS;1;48;2;1251
LeadingOnes;50;1250;RLS;1;49;10;1251
LeadingOnes;50;1250;RLS;1;50;0;993
LeadingOnes;50;1250;RLS;1;51;0;1208
LeadingOnes;50;1250;RLS;1;52;0;1187
LeadingOnes;50;1250;RLS;1;53;0;866
LeadingOnes;50;1250;RLS;1;54;12;1251
LeadingOnes;50;1250;RLS;1;55;13;1251
LeadingOnes;50;1250;RLS;1;56;0;931
LeadingOnes;50;1250;RLS;1;57;0;1070
LeadingOnes;50;1250;RLS;1;58;10;1251
LeadingOnes;50;1250;RLS;1;59;0;1200
LeadingOnes;50;1250;RLS;1;60;19;1251
LeadingOnes;50;1250;RLS;1;61;0;1083
LeadingOnes;50;1250;RLS;1;62;2;1251
LeadingOnes;50;1250;RLS;1;63;9;1251
LeadingOnes;50;1250;RLS;1;64;0;1088
LeadingOnes;50;1250;RLS;1;65;0;1151
LeadingOnes;50;1250;RLS;1;66;11;1251
LeadingOnes;50;1250;RLS;1;67;0;896
LeadingOnes;50;1250;RLS;1;68;16;1251
LeadingOnes;50;1250;RLS;1;69;0;1188
LeadingOnes;50;1250;RLS;1;70;0;968
LeadingOnes;50;1250;RLS;1;71;1;1251
LeadingOnes;50;1250;RLS;1;72;0;980
LeadingOnes;50;1250;RLS;1;73;6;1251
LeadingOnes;50;1250;RLS;1;74;4;1251
LeadingOnes;50;1250;RLS;1;75;15;1251
LeadingOnes;50;1250;RLS;1;76;21;1251
LeadingOnes;50;1250;RLS;1;77;7;1251
LeadingOnes;50;1250;RLS;1;78;0;1063
LeadingOnes;50;1250;RLS;1;79;3;1251
LeadingOnes;50;1250;RLS;1;80;0;1075
LeadingOnes;50;1250;RLS;1;81;11;1251
LeadingOnes;50;1250;RLS;1;82;0;865
LeadingOnes;50;1250;RLS;1;83;1;1251
LeadingOnes;50;1250;RLS;1;84;0;1163
LeadingOnes;50;1250;RLS;1;85;0;1208
LeadingOnes;50;1250;RLS;1;86;0;1106
LeadingOnes;50;1250;RLS;1;87;3;1251
LeadingOnes;50;1250;RLS;1;88;8;1251
LeadingOnes;50;1250;RLS;1;89;9;1251
LeadingOnes;50;1250;RLS;1;90;0;871
LeadingOnes;50;1250;RLS;1;91;0;1224
LeadingOnes;50;1250;RLS;1;92;0;1083
LeadingOnes;50;1250;RLS;1;93;7;1251
LeadingOnes;50;1250;RLS;1;94;0;760
LeadingOnes;50;1250;RLS;1;95;0;1034
LeadingOnes;50;1250;RLS;1;96;0;911
LeadingOnes;50;1250;RLS;1;97;6;1251
LeadingOnes;50;1250;RLS;1;98;9;1251
LeadingOnes;50;1250;RLS;1;99;4;1251
LeadingOnes;50;1875;RLS;1;0;0;967
LeadingOnes;50;1875;RLS;1;1;0;1340
LeadingOnes;50;1875;RLS;1;2;0;1247
LeadingOnes;50;1875;RLS;1;3;0;1540
LeadingOnes;50;1875;RLS;1;4;0;963
LeadingOnes;50;1875;RLS;1;5;0;1363
LeadingOnes;50;1875;RLS;1;6;0;743
LeadingOnes;50;1875;RLS;1;7;0;1305
LeadingOnes;50;1875;RLS;1;8;0;1489
LeadingOnes;50;1875;RLS;1;9;0;1715
LeadingOnes;50;1875;RLS;1;10;0;800
LeadingOnes;50;1875;RLS;1;11;0;1171
LeadingOnes;50;1875;RLS;1;12;0;899
LeadingOnes;50;1875;RLS;1;13;0;1247
LeadingOnes;50;1875;RLS;1;14;0;953
LeadingOnes;50;1875;RLS;1;15;4;1876
LeadingOnes;50;1875;RLS;1;16;0;1319
LeadingOnes;50;1875;RLS;1;17;0;1710
LeadingOnes;50;1875;RLS;1;18;0;1381
LeadingOnes;50;1875;RLS;1;19;0;1188
LeadingOnes;50;1875;RLS;1;20;0;1373
LeadingOnes;50;1875;RLS;1;21;0;1479
LeadingOnes;50;1875;RLS;1;22;0;1370
LeadingOnes;50;1875;RLS;1;23;0;808
LeadingOnes;50;1875;RLS;1;24;0;1176
LeadingOnes;50;1875;RLS;1;25;0;804
LeadingOnes;50;1875;RLS;1;26;0;1397
LeadingOnes;50;1875;RLS;1;27;0;1076
LeadingOnes;50;1875;RLS;1;28;0;1648
LeadingOnes;50;1875;RLS;1;29;0;1037
LeadingOnes;50;1875;RLS;1;30;0;944
LeadingOnes;50;1875;RLS;1;31;0;1633
LeadingOnes;50;1875;RLS;1;32;0;1172
LeadingOnes;50;1875;RLS;1;33;0;1170
LeadingOnes;50;1875;RLS;1;34;0;1087
LeadingOnes;50;1875;RLS;1;35;0;1477
LeadingOnes;50;1875;RLS;1;36;0;1109
LeadingOnes;50;1875;RLS;1;37;0;875
LeadingOnes;50;1875;RLS;1;38;0;1063
LeadingOnes;50;1875;RLS;1;39;0;1096
LeadingOnes;50;1875;RLS;1;40;0;521
LeadingOnes;50;1875;RLS;1;41;0;1075
LeadingOnes;50;1875;RLS;1;42;0;1315
LeadingOnes;50;1875;RLS;1;43;0;1210
LeadingOnes;50;1875;RLS;1;44;0;1508
LeadingOnes;50;1875;RLS;1;45;0;888
LeadingOnes;50;1875;RLS;1;46;0;1265
LeadingOnes;50;1875;RLS;1;47;0;1182
LeadingOnes;50;1875;RLS;1;48;0;1009
LeadingOnes;50;1875;RLS;1;49;0;1310
LeadingOnes;50;1875;RLS;1;50;0;1265
LeadingOnes;50;1875;RLS;1;51;0;908
LeadingOnes;50;1875;RLS;1;52;0;1219
LeadingOnes;50;1875;RLS;1;53;0;846
LeadingOnes;50;1875;RLS;1;54;0;1068
LeadingOnes;50;1875;RLS;1;55;0;1199
LeadingOnes;50;1875;RLS;1;56;0;1323
LeadingOnes;50;1875;RLS;1;57;0;1428
LeadingOnes;50;1875;RLS;1;58;0;1590
LeadingOnes;50;1875;RLS;1;59;0;1562
LeadingOnes;50;1875;RLS;1;60;0;1534
LeadingOnes;50;1875;RLS;1;61;0;1310
LeadingOnes;50;1875;RLS;1;62;0;1292
LeadingOnes;50;1875;RLS;1;63;0;1143
LeadingOnes;50;1875;RLS;1;64;0;965
LeadingOnes;50;1875;RLS;1;65;0;1136
LeadingOnes;50;1875;RLS;1;66;0;724
LeadingOnes;50;1875;RLS;1;67;0;1060
LeadingOnes;50;1875;RLS;1;68;0;1140
LeadingOnes;50;1875;RLS;1;69;0;1467
LeadingOnes;50;1875;RLS;1;70;0;1225
LeadingOnes;50;1875;RLS;1;71;10;1876
LeadingOnes;50;1875;RLS;1;72;0;903
LeadingOnes;50;1875;RLS;1;73;0;758
LeadingOnes;50;1875;RLS;1;74;0;1207
LeadingOnes;50;1875;RLS;1;75;0;793
LeadingOnes;50;1875;RLS;1;76;0;1216
LeadingOnes;50;1875;RLS;1;77;0;1801
LeadingOnes;50;1875;RLS;1;78;0;1639
LeadingOnes;50;1875;RLS;1;79;0;1385
LeadingOnes;50;1875;RLS;1;80;0;1418
LeadingOnes;50;1875;RLS;1;81;0;1541
LeadingOnes;50;1875;RLS;1;82;0;1200
LeadingOnes;50;1875;RLS;1;83;0;1105
LeadingOnes;50;1875;RLS;1;84;0;588
LeadingOnes;50;1875;RLS;1;85;0;1666
LeadingOnes;50;1875;RLS;1;86;0;1187
LeadingOnes;50;1875;RLS;1;87;0;1532
LeadingOnes;50;1875;RLS;1;88;0;867
LeadingOnes;50;1875;RLS;1;89;0;1085
LeadingOnes;50;1875;RLS;1;90;0;1503
LeadingOnes;50;1875;RLS;1;91;0;1517
LeadingOnes;50;1875;RLS;1;92;0;1384
LeadingOnes;50;1875;RLS;1;93;0;1405
LeadingOnes;50;1875;RLS;1;94;1;1876
LeadingOnes;50;1875;RLS;1;95;0;1259
LeadingOnes;50;1875;RLS;1;96;0;1290
LeadingOnes;50;1875;RLS;1;97;0;1405
LeadingOnes;50;1875;RLS;1;98;0;986
LeadingOnes;50;1875;RLS;1;99;0;1284
LeadingOnes;50;1250;RLS;2;0;7;1251
LeadingOnes;50;1250;RLS;2;1;16;1251
LeadingOnes;50;1250;RLS;2;2;11;1251
LeadingOnes;50;1250;RLS;2;3;10;1251
LeadingOnes;50;1250;RLS;2;4;0;1247
LeadingOnes;50;1250;RLS;2;5;10;1251
LeadingOnes;50;1250;RLS;2;6;8;1251
LeadingOnes;50;1250;RLS;2;7;9;1251
LeadingOnes;50;1250;RLS;2;8;11;1251
LeadingOnes;50;1250;RLS;2;9;3;1251
LeadingOnes;50;1250;RLS;2;10;14;1251
LeadingOnes;50;1250;RLS;2;11;6;1251
LeadingOnes;50;1250;RLS;2;12;4;1251
LeadingOnes;50;1250;RLS;2;13;4;1251
LeadingOnes;50;1250;RLS;2;14;3;1251
LeadingOnes;50;1250;RLS;2;15;1;1251
LeadingOnes;50;1250;RLS;2;16;3;1251
LeadingOnes;50;1250;RLS;2;17;8;1251
LeadingOnes;50;1250;RLS;2;18;4;1251
LeadingOnes;50;1250;RLS;2;19;1;1251
LeadingOnes;50;1250;RLS;2;20;12;1251
LeadingOnes;50;1250;RLS;2;21;5;1251
LeadingOnes;50;1250;RLS;2;22;7;1251
LeadingOnes;50;1250;RLS;2;23;13;1251
LeadingOnes;50;1250;RLS;2;24;8;1251
LeadingOnes;50;1250;RLS;2;25;2;1251
LeadingOnes;50;1250;RLS;2;26;6;1251
LeadingOnes;50;1250;RLS;2;27;13;1251
LeadingOnes;50;1250;RLS;2;28;6;1251
LeadingOnes;50;1250;RLS;2;29;7;1251
LeadingOnes;50;1250;RLS;2;30;3;1251
LeadingOnes;50;1250;RLS;2;31;7;1251
LeadingOnes;50;1250;RLS;2;32;9;1251
LeadingOnes;50;1250;RLS;2;33;13;1251
LeadingOnes;50;1250;RLS;2;34;0;1040
LeadingOnes;50;1250;RLS;2;35;7;1251
LeadingOnes;50;1250;RLS;2;36;11;1251
LeadingOnes;50;1250;RLS;2;37;7;1251
LeadingOnes;50;1250;RLS;2;38;11;1251
LeadingOnes;50;1250;RLS;2;39;6;1251
LeadingOnes;50;1250;RLS;2;40;12;1251
LeadingOnes;50;1250;RLS;2;41;0;993
LeadingOnes;50;1250;RLS;2;42;7;1251
LeadingOnes;50;1250;RLS;2;43;7;1251
LeadingOnes;50;1250;RLS;2;44;3;1251
LeadingOnes;50;1250;RLS;2;45;6;1251
LeadingOnes;50;1250;RLS;2;46;6;1251
LeadingOnes;50;1250;RLS;2;47;13;1251
LeadingOnes;50;1250;RLS;2;48;6;1251
LeadingOnes;50;1250;RLS;2;49;1;1251
LeadingOnes;50;1250;RLS;2;50;12;1251
LeadingOnes;50;1250;RLS;2;51;7;1251
LeadingOnes;50;1250;RLS;2;52;3;1251
LeadingOnes;50;1250;RLS;2;53;17;1251
LeadingOnes;50;1250;RLS;2;54;6;1251
LeadingOnes;50;1250;RLS;2;55;12;1251
LeadingOnes;50;1250;RLS;2;56;9;1251
LeadingOnes;50;1250;RLS;2;57;9;1251
LeadingOnes;50;1250;RLS;2;58;11;1251
LeadingOnes;50;1250;RLS;2;59;13;1251
LeadingOnes;50;1250;RLS;2;60;10;1251
LeadingOnes;50;1250;RLS;2;61;5;1251
LeadingOnes;50;1250;RLS;2;62;2;1251
LeadingOnes;50;1250;RLS;2;63;5;1251
LeadingOnes;50;1250;RLS;2;64;9;1251
LeadingOnes;50;1250;RLS;2;65;6;1251
LeadingOnes;50;1250;RLS;2;66;3;1251
LeadingOnes;50;1250;RLS;2;67;1;1251
LeadingOnes;50;1250;RLS;2;68;8;1251
LeadingOnes;50;1250;RLS;2;69;2;1251
LeadingOnes;50;1250;RLS;2;70;4;1251
LeadingOnes;50;1250;RLS;2;71;7;1251
LeadingOnes;50;1250;RLS;2;72;10;1251
LeadingOnes;50;1250;RLS;2;73;10;1251
LeadingOnes;50;1250;RLS;2;74;9;1251
LeadingOnes;50;1250;RLS;2;75;13;1251
LeadingOnes;50;1250;RLS;2;76;14;1251
LeadingOnes;50;1250;RLS;2;77;6;1251
LeadingOnes;50;1250;RLS;2;78;10;1251
LeadingOnes;50;1250;RLS;2;79;5;1251
LeadingOnes;50;1250;RLS;2;80;2;1251
LeadingOnes;50;1250;RLS;2;81;21;1251
LeadingOnes;50;1250;RLS;2;82;9;1251
LeadingOnes;50;1250;RLS;2;83;9;1251
LeadingOnes;50;1250;RLS;2;84;5;1251
LeadingOnes;50;1250;RLS;2;85;4;1251
LeadingOnes;50;1250;RLS;2;86;8;1251
LeadingOnes;50;1250;RLS;2;87;8;1251
LeadingOnes;50;1250;RLS;2;88;11;1251
LeadingOnes;50;1250;RLS;2;89;9;1251
LeadingOnes;50;1250;RLS;2;90;9;1251
LeadingOnes;50;1250;RLS;2;91;12;1251
LeadingOnes;50;1250;RLS;2;92;10;1251
LeadingOnes;50;1250;RLS;2;93;8;1251
LeadingOnes;50;1250;RLS;2;94;7;1251
LeadingOnes;50;1250;RLS;2;95;8;1251
LeadingOnes;50;1250;RLS;2;96;4;1251
LeadingOnes;50;1250;RLS;2;97;9;1251
LeadingOnes;50;1250;RLS;2;98;8;1251
LeadingOnes;50;1250;RLS;2;99;1;1251
LeadingOnes;50;1875;RLS;2;0;0;1469
LeadingOnes;50;1875;RLS;2;1;1;1876
LeadingOnes;50;1875;RLS;2;2;0;1300
LeadingOnes;50;1875;RLS;2;3;5;1876
LeadingOnes;50;1875;RLS;2;4;2;1876
LeadingOnes;50;1875;RLS;2;5;1;1876
LeadingOnes;50;1875;RLS;2;6;6;1876
LeadingOnes;50;1875;RLS;2;7;2;1876
LeadingOnes;50;1875;RLS;2;8;1;1876
LeadingOnes;50;1875;RLS;2;9;0;1875
LeadingOnes;50;1875;RLS;2;10;6;1876
LeadingOnes;50;1875;RLS;2;11;2;1876
LeadingOnes;50;1875;RLS;2;12;5;1876
LeadingOnes;50;1875;RLS;2;13;2;1876
LeadingOnes;50;1875;RLS;2;14;5;1876
LeadingOnes;50;1875;RLS;2;15;0;1582
LeadingOnes;50;1875;RLS;2;16;5;1876
LeadingOnes;50;1875;RLS;2;17;6;1876
LeadingOnes;50;1875;RLS;2;18;2;1876
LeadingOnes;50;1875;RLS;2;19;1;1876
LeadingOnes;50;1875;RLS;2;20;3;1876
LeadingOnes;50;1875;RLS;2;21;6;1876
LeadingOnes;50;1875;RLS;2;22;3;1876
LeadingOnes;50;1875;RLS;2;23;1;1876
LeadingOnes;50;1875;RLS;2;24;3;1876
LeadingOnes;50;1875;RLS;2;25;3;1876
LeadingOnes;50;1875;RLS;2;26;4;1876
LeadingOnes;50;1875;RLS;2;27;6;1876
LeadingOnes;50;1875;RLS;2;28;4;1876
LeadingOnes;50;1875;RLS;2;29;2;1876
LeadingOnes;50;1875;RLS;2;30;1;1876
LeadingOnes;50;1875;RLS;2;31;7;1876
LeadingOnes;50;1875;RLS;2;32;1;1876
LeadingOnes;50;1875;RLS;2;33;0;1666
LeadingOnes;50;1875;RLS;2;34;2;1876
LeadingOnes;50;1875;RLS;2;35;2;1876
LeadingOnes;50;1875;RLS;2;36;3;1876
LeadingOnes;50;1875;RLS;2;37;0;1560
LeadingOnes;50;1875;RLS;2;38;1;1876
LeadingOnes;50;1875;RLS;2;39;8;1876
LeadingOnes;50;1875;RLS;2;40;1;1876
LeadingOnes;50;1875;RLS;2;41;4;1876
LeadingOnes;50;1875;RLS;2;42;3;1876
LeadingOnes;50;1875;RLS;2;43;2;1876
LeadingOnes;50;1875;RLS;2;44;4;1876
LeadingOnes;50;1875;RLS;2;45;6;1876
LeadingOnes;50;1875;RLS;2;46;0;819
LeadingOnes;50;1875;RLS;2;47;1;1876
LeadingOnes;50;1875;RLS;2;48;5;1876
LeadingOnes;50;1875;RLS;2;49;2;1876
LeadingOnes;50;1875;RLS;2;50;1;1876
LeadingOnes;50;1875;RLS;2;51;5;1876
LeadingOnes;50;1875;RLS;2;52;2;1876
LeadingOnes;50;1875;RLS;2;53;0;1356
LeadingOnes;50;1875;RLS;2;54;4;1876
LeadingOnes;50;1875;RLS;2;55;9;1876
LeadingOnes;50;1875;RLS;2;56;6;1876
LeadingOnes;50;1875;RLS;2;57;2;1876
LeadingOnes;50;1875;RLS;2;58;2;1876
LeadingOnes;50;1875;RLS;2;59;2;1876
LeadingOnes;50;1875;RLS;2;60;0;1591
LeadingOnes;50;1875;RLS;2;61;5;1876
LeadingOnes;50;1875;RLS;2;62;0;1237
LeadingOnes;50;1875;RLS;2;63;4;1876
LeadingOnes;50;1875;RLS;2;64;6;1876
LeadingOnes;50;1875;RLS;2;65;2;1876
LeadingOnes;50;1875;RLS;2;66;8;1876
LeadingOnes;50;1875;RLS;2;67;4;1876
LeadingOnes;50;1875;RLS;2;68;2;1876
LeadingOnes;50;1875;RLS;2;69;3;1876
LeadingOnes;50;1875;RLS;2;70;7;1876
LeadingOnes;50;1875;RLS;2;71;0;1219
LeadingOnes;50;1875;RLS;2;72;3;1876
LeadingOnes;50;1875;RLS;2;73;3;1876
LeadingOnes;50;1875;RLS;2;74;5;1876
LeadingOnes;50;1875;RLS;2;75;1;1876
LeadingOnes;50;1875;RLS;2;76;1;1876
LeadingOnes;50;1875;RLS;2;77;6;1876
LeadingOnes;50;1875;RLS;2;78;3;1876
LeadingOnes;50;1875;RLS;2;79;4;1876
LeadingOnes;50;1875;RLS;2;80;4;1876
LeadingOnes;50;1875;RLS;2;81;1;1876
LeadingOnes;50;1875;RLS;2;82;5;1876
LeadingOnes;50;1875;RLS;2;83;3;1876
LeadingOnes;50;1875;RLS;2;84;4;1876
LeadingOnes;50;1875;RLS;2;85;6;1876
LeadingOnes;50;1875;RLS;2;86;2;1876
LeadingOnes;50;1875;RLS;2;87;3;1876
LeadingOnes;50;1875;RLS;2;88;0;672
LeadingOnes;50;1875;RLS;2;89;3;1876
LeadingOnes;50;1875;RLS;2;90;3;1876
LeadingOnes;50;1875;RLS;2;91;4;1876
LeadingOnes;50;1875;RLS;2;92;3;1876
LeadingOnes;50;1875;RLS;2;93;2;1876
LeadingOnes;50;1875;RLS;2;94;0;1662
LeadingOnes;50;1875;RLS;2;95;0;1310
LeadingOnes;50;1875;RLS;2;96;2;1876
LeadingOnes;50;1875;RLS;2;97;5;1876
LeadingOnes;50;1875;RLS;2;98;7;1876
LeadingOnes;50;1875;RLS;2;99;6;1876
LeadingOnes;100;5000;RLS;1;0;7;5001
LeadingOnes;100;5000;RLS;1;1;16;5001
LeadingOnes;100;5000;RLS;1;2;0;4385
LeadingOnes;100;5000;RLS;1;3;0;3754
LeadingOnes;100;5000;RLS;1;4;0;4362
LeadingOnes;100;5000;RLS;1;5;0;4585
LeadingOnes;100;5000;RLS;1;6;18;5001
LeadingOnes;100;5000;RLS;1;7;40;5001
LeadingOnes;100;5000;RLS;1;8;0;3921
LeadingOnes;100;5000;RLS;1;9;27;5001
LeadingOnes;100;5000;RLS;1;10;0;4502
LeadingOnes;100;5000;RLS;1;11;0;4078
LeadingOnes;100;5000;RLS;1;12;0;4112
LeadingOnes;100;5000;RLS;1;13;12;5001
LeadingOnes;100;5000;RLS;1;14;18;5001
LeadingOnes;100;5000;RLS;1;15;0;3897
LeadingOnes;100;5000;RLS;1;16;4;5001
LeadingOnes;100;5000;RLS;1;17;0;3276
LeadingOnes;100;5000;RLS;1;18;0;3989
LeadingOnes;100;5000;RLS;1;19;2;5001
LeadingOnes;100;5000;RLS;1;20;14;5001
LeadingOnes;100;5000;RLS;1;21;16;5001
LeadingOnes;100;5000;RLS;1;22;44;5001
LeadingOnes;100;5000;RLS;1;23;0;4613
LeadingOnes;100;5000;RLS;1;24;0;4323
LeadingOnes;100;5000;RLS;1;25;0;3653
LeadingOnes;100;5000;RLS;1;26;15;5001
LeadingOnes;100;5000;RLS;1;27;14;5001
LeadingOnes;100;5000;RLS;1;28;11;5001
LeadingOnes;100;5000;RLS;1;29;0;4973
LeadingOnes;100;5000;RLS;1;30;0;4357
LeadingOnes;100;5000;RLS;1;31;1;5001
LeadingOnes;100;5000;RLS;1;32;0;4774
LeadingOnes;100;5000;RLS;1;33;0;3985
LeadingOnes;100;5000;RLS;1;34;4;5001
LeadingOnes;100;5000;RLS;1;35;23;5001
LeadingOnes;100;5000;RLS;1;36;0;4370
LeadingOnes;100;5000;RLS;1;37;14;5001
LeadingOnes;100;5000;RLS;1;38;27;5001
LeadingOnes;100;5000;RLS;1;39;0;4499
LeadingOnes;100;5000;RLS;1;40;0;3926
LeadingOnes;100;5000;RLS;1;41;0;3262
LeadingOnes;100;5000;RLS;1;42;0;4695
LeadingOnes;100;5000;RLS;1;43;41;5001
LeadingOnes;100;5000;RLS;1;44;0;3994
LeadingOnes;100;5000;RLS;1;45;0;4562
LeadingOnes;100;5000;RLS;1;46;0;4880
LeadingOnes;100;5000;RLS;1;47;10;5001
LeadingOnes;100;5000;RLS;1;48;13;5001
LeadingOnes;100;5000;RLS;1;49;1;5001
LeadingOnes;100;5000;RLS;1;50;0;3974
LeadingOnes;100;5000;RLS;1;51;10;5001
LeadingOnes;100;5000;RLS;1;52;5;5001
LeadingOnes;100;5000;RLS;1;53;21;5001
LeadingOnes;100;5000;RLS;1;54;0;4750
LeadingOnes;100;5000;RLS;1;55;30;5001
LeadingOnes;100;5000;RLS;1;56;0;4397
LeadingOnes;100;5000;RLS;1;57;0;4934
LeadingOnes;100;5000;RLS;1;58;11;5001
LeadingOnes;100;5000;RLS;1;59;1;5001
LeadingOnes;100;5000;RLS;1;60;0;4945
LeadingOnes;100;5000;RLS;1;61;0;4615
LeadingOnes;100;5000;RLS;1;62;0;3729
LeadingOnes;100;5000;RLS;1;63;0;4286
LeadingOnes;100;5000;RLS;1;64;0;4197
LeadingOnes;100;5000;RLS;1;65;5;5001
LeadingOnes;100;5000;RLS;1;66;16;5001
LeadingOnes;100;5000;RLS;1;67;0;4185
LeadingOnes;100;5000;RLS;1;68;0;4457
LeadingOnes;100;5000;RLS;1;69;1;5001
LeadingOnes;100;5000;RLS;1;70;7;5001
LeadingOnes;100;5000;RLS;1;71;0;4481
LeadingOnes;100;5000;RLS;1;72;0;4726
LeadingOnes;100;5000;RLS;1;73;0;4801
LeadingOnes;100;5000;RLS;1;74;26;5001
LeadingOnes;100;5000;RLS;1;75;3;5001
LeadingOnes;100;5000;RLS;1;76;5;5001
LeadingOnes;100;5000;RLS;1;77;14;5001
LeadingOnes;100;5000;RLS;1;78;3;5001
LeadingOnes;100;5000;RLS;1;79;6;5001
LeadingOnes;100;5000;RLS;1;80;0;4565
LeadingOnes;100;5000;RLS;1;81;0;4477
LeadingOnes;100;5000;RLS;1;82;0;4218
LeadingOnes;100;5000;RLS;1;83;26;5001
LeadingOnes;100;5000;RLS;1;84;14;5001
LeadingOnes;100;5000;RLS;1;85;0;4781
LeadingOnes;100;5000;RLS;1;86;0;4313
LeadingOnes;100;5000;RLS;1;87;50;5001
LeadingOnes;100;5000;RLS;1;88;17;5001
LeadingOnes;100;5000;RLS;1;89;24;5001
LeadingOnes;100;5000;RLS;1;90;0;4927
LeadingOnes;100;5000;RLS;1;91;12;5001
LeadingOnes;100;5000;RLS;1;92;6;5001
LeadingOnes;100;5000;RLS;1;93;2;5001
LeadingOnes;100;5000;RLS;1;94;0;4681
LeadingOnes;100;5000;RLS;1;95;0;4019
LeadingOnes;100;5000;RLS;1;96;37;5001
LeadingOnes;100;5000;RLS;1;97;0;4262
LeadingOnes;100;5000;RLS;1;98;3;5001
LeadingOnes;100;5000;RLS;1;99;18;5001
LeadingOnes;100;7500;RLS;1;0;0;5726
LeadingOnes;100;7500;RLS;1;1;0;5314
LeadingOnes;100;7500;RLS;1;2;0;4919
LeadingOnes;100;7500;RLS;1;3;0;4225
LeadingOnes;100;7500;RLS;1;4;0;6633
LeadingOnes;100;7500;RLS;1;5;0;5612
LeadingOnes;100;7500;RLS;1;6;0;5166
LeadingOnes;100;7500;RLS;1;7;0;4730
LeadingOnes;100;7500;RLS;1;8;0;3933
LeadingOnes;100;7500;RLS;1;9;0;6138
LeadingOnes;100;7500;RLS;1;10;0;4869
LeadingOnes;100;7500;RLS;1;11;0;4085
LeadingOnes;100;7500;RLS;1;12;0;4590
LeadingOnes;100;7500;RLS;1;13;0;5773
LeadingOnes;100;7500;RLS;1;14;0;5495
LeadingOnes;100;7500;RLS;1;15;0;7174
LeadingOnes;100;7500;RLS;1;16;0;4463
LeadingOnes;100;7500;RLS;1;17;0;5110
LeadingOnes;100;7500;RLS;1;18;0;5547
LeadingOnes;100;7500;RLS;1;19;0;4545
LeadingOnes;100;7500;RLS;1;20;0;6036
LeadingOnes;100;7500;RLS;1;21;0;5323
LeadingOnes;100;7500;RLS;1;22;0;4668
LeadingOnes;100;7500;RLS;1;23;0;4165
LeadingOnes;100;7500;RLS;1;24;0;5160
LeadingOnes;100;7500;RLS;1;25;0;5238
LeadingOnes;100;7500;RLS;1;26;0;5477
LeadingOnes;100;7500;RLS;1;27;0;3465
LeadingOnes;100;7500;RLS;1;28;0;4793
LeadingOnes;100;7500;RLS;1;29;0;3820
LeadingOnes;100;7500;RLS;1;30;0;4020
LeadingOnes;100;7500;RLS;1;31;0;5754
LeadingOnes;100;7500;RLS;1;32;0;4253
LeadingOnes;100;7500;RLS;1;33;0;3478
LeadingOnes;100;7500;RLS;1;34;0;5346
LeadingOnes;100;7500;RLS;1;35;0;5702
LeadingOnes;100;7500;RLS;1;36;0;6355
LeadingOnes;100;7500;RLS;1;37;0;5312
LeadingOnes;100;7500;RLS;1;38;0;4636
LeadingOnes;100;7500;RLS;1;39;0;4994
LeadingOnes;100;7500;RLS;1;40;0;4453
LeadingOnes;100;7500;RLS;1;41;0;5090
LeadingOnes;100;7500;RLS;1;42;0;4851
LeadingOnes;100;7500;RLS;1;43;0;5300
LeadingOnes;100;7500;RLS;1;44;0;4694
LeadingOnes;100;7500;RLS;1;45;0;4656
LeadingOnes;100;7500;RLS;1;46;0;4850
LeadingOnes;100;7500;RLS;1;47;0;5197
LeadingOnes;100;7500;RLS;1;48;0;4473
LeadingOnes;100;7500;RLS;1;49;0;4459
LeadingOnes;100;7500;RLS;1;50;0;5415
LeadingOnes;100;7500;RLS;1;51;0;5209
LeadingOnes;100;7500;RLS;1;52;0;4423
LeadingOnes;100;7500;RLS;1;53;0;5747
LeadingOnes;100;7500;RLS;1;54;0;4620
LeadingOnes;100;7500;RLS;1;55;0;3686
LeadingOnes;100;7500;RLS;1;56;0;5055
LeadingOnes;100;7500;RLS;1;57;0;4640
LeadingOnes;100;7500;RLS;1;58;0;3713
LeadingOnes;100;7500;RLS;1;59;0;4483
LeadingOnes;100;7500;RLS;1;60;0;4457
LeadingOnes;100;7500;RLS;1;61;0;4913
LeadingOnes;100;7500;RLS;1;62;0;3592
LeadingOnes;100;7500;RLS;1;63;0;3649
LeadingOnes;100;7500;RLS;1;64;0;6047
LeadingOnes;100;7500;RLS;1;65;0;3878
LeadingOnes;100;7500;RLS;1;66;0;5184
LeadingOnes;100;7500;RLS;1;67;0;4650
LeadingOnes;100;7500;RLS;1;68;0;5035
LeadingOnes;100;7500;RLS;1;69;0;5477
LeadingOnes;100;7500;RLS;1;70;0;5214
LeadingOnes;100;7500;RLS;1;71;0;5257
LeadingOnes;100;7500;RLS;1;72;0;3486
LeadingOnes;100;7500;RLS;1;73;0;6038
LeadingOnes;100;7500;RLS;1;74;0;5735
LeadingOnes;100;7500;RLS;1;75;0;5233
LeadingOnes;100;7500;RLS;1;76;0;5864
LeadingOnes;100;7500;RLS;1;77;0;4173
LeadingOnes;100;7500;RLS;1;78;0;5790
LeadingOnes;100;7500;RLS;1;79;0;5996
LeadingOnes;100;7500;RLS;1;80;0;3766
LeadingOnes;100;7500;RLS;1;81;0;5889
LeadingOnes;100;7500;RLS;1;82;0;7387
LeadingOnes;100;7500;RLS;1;83;0;4269
LeadingOnes;100;7500;RLS;1;84;0;7316
LeadingOnes;100;7500;RLS;1;85;0;4209
LeadingOnes;100;7500;RLS;1;86;0;5462
LeadingOnes;100;7500;RLS;1;87;0;4277
LeadingOnes;100;7500;RLS;1;88;0;4886
LeadingOnes;100;7500;RLS;1;89;0;4608
LeadingOnes;100;7500;RLS;1;90;0;4190
LeadingOnes;100;7500;RLS;1;91;0;4134
LeadingOnes;100;7500;RLS;1;92;0;4513
LeadingOnes;100;7500;RLS;1;93;2;7501
LeadingOnes;100;7500;RLS;1;94;0;4373
LeadingOnes;100;7500;RLS;1;95;0;4279
LeadingOnes;100;7500;RLS;1;96;0;6331
LeadingOnes;100;7500;RLS;1;97;0;4597
LeadingOnes;100;7500;RLS;1;98;0;4748
LeadingOnes;100;7500;RLS;1;99;0;4118
LeadingOnes;100;5000;RLS;2;0;11;5001
LeadingOnes;100;5000;RLS;2;1;21;5001
LeadingOnes;100;5000;RLS;2;2;16;5001
LeadingOnes;100;5000;RLS;2;3;7;5001
LeadingOnes;100;5000;RLS;2;4;12;5001
LeadingOnes;100;5000;RLS;2;5;20;5001
LeadingOnes;100;5000;RLS;2;6;15;5001
LeadingOnes;100;5000;RLS;2;7;23;5001
LeadingOnes;100;5000;RLS;2;8;13;5001
LeadingOnes;100;5000;RLS;2;9;7;5001
LeadingOnes;100;5000;RLS;2;10;16;5001
LeadingOnes;100;5000;RLS;2;11;15;5001
LeadingOnes;100;5000;RLS;2;12;9;5001
LeadingOnes;100;5000;RLS;2;13;9;5001
LeadingOnes;100;5000;RLS;2;14;12;5001
LeadingOnes;100;5000;RLS;2;15;21;5001
LeadingOnes;100;5000;RLS;2;16;16;5001
LeadingOnes;100;5000;RLS;2;17;15;5001
LeadingOnes;100;5000;RLS;2;18;11;5001
LeadingOnes;100;5000;RLS;2;19;18;5001
LeadingOnes;100;5000;RLS;2;20;21;5001
LeadingOnes;100;5000;RLS;2;21;13;5001
LeadingOnes;100;5000;RLS;2;22;19;5001
LeadingOnes;100;5000;RLS;2;23;0;4736
LeadingOnes;100;5000;RLS;2;24;16;5001
LeadingOnes;100;5000;RLS;2;25;15;5001
LeadingOnes;100;5000;RLS;2;26;14;5001
LeadingOnes;100;5000;RLS;2;27;11;5001
LeadingOnes;100;5000;RLS;2;28;11;5001
LeadingOnes;100;5000;RLS;2;29;12;5001
LeadingOnes;100;5000;RLS;2;30;6;5001
LeadingOnes;100;5000;RLS;2;31;8;5001
LeadingOnes;100;5000;RLS;2;32;21;5001
LeadingOnes;100;5000;RLS;2;33;16;5001
LeadingOnes;100;5000;RLS;2;34;20;5001
LeadingOnes;100;5000;RLS;2;35;15;5001
LeadingOnes;100;5000;RLS;2;36;22;5001
LeadingOnes;100;5000;RLS;2;37;15;5001
LeadingOnes;100;5000;RLS;2;38;18;5001
LeadingOnes;100;5000;RLS;2;39;19;5001
LeadingOnes;100;5000;RLS;2;40;12;5001
LeadingOnes;100;5000;RLS;2;41;27;5001
LeadingOnes;100;5000;RLS;2;42;13;5001
LeadingOnes;100;5000;RLS;2;43;15;5001
LeadingOnes;100;5000;RLS;2;44;6;5001
LeadingOnes;100;5000;RLS;2;45;8;5001
LeadingOnes;100;5000;RLS;2;46;17;5001
LeadingOnes;100;5000;RLS;2;47;18;5001
LeadingOnes;100;5000;RLS;2;48;11;5001
LeadingOnes;100;5000;RLS;2;49;15;5001
LeadingOnes;100;5000;RLS;2;50;12;5001
LeadingOnes;100;5000;RLS;2;51;3;5001
LeadingOnes;100;5000;RLS;2;52;16;5001
LeadingOnes;100;5000;RLS;2;53;7;5001
LeadingOnes;100;5000;RLS;2;54;17;5001
LeadingOnes;100;5000;RLS;2;55;11;5001
LeadingOnes;100;5000;RLS;2;56;18;5001
LeadingOnes;100;5000;RLS;2;57;23;5001
LeadingOnes;100;5000;RLS;2;58;21;5001
LeadingOnes;100;5000;RLS;2;59;19;5001
LeadingOnes;100;5000;RLS;2;60;11;5001
LeadingOnes;100;5000;RLS;2;61;14;5001
LeadingOnes;100;5000;RLS;2;62;27;5001
LeadingOnes;100;5000;RLS;2;63;11;5001
LeadingOnes;100;5000;RLS;2;64;18;5001
LeadingOnes;100;5000;RLS;2;65;19;5001
LeadingOnes;100;5000;RLS;2;66;12;5001
LeadingOnes;100;5000;RLS;2;67;18;5001
LeadingOnes;100;5000;RLS;2;68;10;5001
LeadingOnes;100;5000;RLS;2;69;18;5001
LeadingOnes;100;5000;RLS;2;70;7;5001
LeadingOnes;100;5000;RLS;2;71;20;5001
LeadingOnes;100;5000;RLS;2;72;14;5001
LeadingOnes;100;5000;RLS;2;73;12;5001
LeadingOnes;100;5000;RLS;2;74;8;5001
LeadingOnes;100;5000;RLS;2;75;12;5001
LeadingOnes;100;5000;RLS;2;76;15;5001
LeadingOnes;100;5000;RLS;2;77;14;5001
LeadingOnes;100;5000;RLS;2;78;10;5001
LeadingOnes;100;5000;RLS;2;79;4;5001
LeadingOnes;100;5000;RLS;2;80;17;5001
LeadingOnes;100;5000;RLS;2;81;6;5001
LeadingOnes;100;5000;RLS;2;82;6;5001
LeadingOnes;100;5000;RLS;2;83;14;5001
LeadingOnes;100;5000;RLS;2;84;6;5001
LeadingOnes;100;5000;RLS;2;85;16;5001
LeadingOnes;100;5000;RLS;2;86;9;5001
LeadingOnes;100;5000;RLS;2;87;22;5001
LeadingOnes;100;5000;RLS;2;88;11;5001
LeadingOnes;100;5000;RLS;2;89;8;5001
LeadingOnes;100;5000;RLS;2;90;7;5001
LeadingOnes;100;5000;RLS;2;91;14;5001
LeadingOnes;100;5000;RLS;2;92;1;5001
LeadingOnes;100;5000;RLS;2;93;7;5001
LeadingOnes;100;5000;RLS;2;94;9;5001
LeadingOnes;100;5000;RLS;2;95;14;5001
LeadingOnes;100;5000;RLS;2;96;19;5001
LeadingOnes;100;5000;RLS;2;97;18;5001
LeadingOnes;100;5000;RLS;2;98;14;5001
LeadingOnes;100;5000;RLS;2;99;15;5001
LeadingOnes;100;7500;RLS;2;0;7;7501
LeadingOnes;100;7500;RLS;2;1;2;7501
LeadingOnes;100;7500;RLS;2;2;7;7501
LeadingOnes;100;7500;RLS;2;3;3;7501
LeadingOnes;100;7500;RLS;2;4;16;7501
LeadingOnes;100;7500;RLS;2;5;8;7501
LeadingOnes;100;7500;RLS;2;6;7;7501
LeadingOnes;100;7500;RLS;2;7;0;6300
LeadingOnes;100;7500;RLS;2;8;6;7501
LeadingOnes;100;7500;RLS;2;9;12;7501
LeadingOnes;100;7500;RLS;2;10;8;7501
LeadingOnes;100;7500;RLS;2;11;7;7501
LeadingOnes;100;7500;RLS;2;12;5;7501
LeadingOnes;100;7500;RLS;2;13;2;7501
LeadingOnes;100;7500;RLS;2;14;5;7501
LeadingOnes;100;7500;RLS;2;15;5;7501
LeadingOnes;100;7500;RLS;2;16;3;7501
LeadingOnes;100;7500;RLS;2;17;11;7501
LeadingOnes;100;7500;RLS;2;18;0;7455
LeadingOnes;100;7500;RLS;2;19;7;7501
LeadingOnes;100;7500;RLS;2;20;6;7501
LeadingOnes;100;7500;RLS;2;21;3;7501
LeadingOnes;100;7500;RLS;2;22;4;7501
LeadingOnes;100;7500;RLS;2;23;8;7501
LeadingOnes;100;7500;RLS;2;24;5;7501
LeadingOnes;100;7500;RLS;2;25;5;7501
LeadingOnes;100;7500;RLS;2;26;0;5057
LeadingOnes;100;7500;RLS;2;27;2;7501
LeadingOnes;100;7500;RLS;2;28;11;7501
LeadingOnes;100;7500;RLS;2;29;0;7455
LeadingOnes;100;7500;RLS;2;30;9;7501
LeadingOnes;100;7500;RLS;2;31;2;7501
LeadingOnes;100;7500;RLS;2;32;13;7501
LeadingOnes;100;7500;RLS;2;33;3;7501
LeadingOnes;100;7500;RLS;2;34;4;7501
LeadingOnes;100;7500;RLS;2;35;5;7501
LeadingOnes;100;7500;RLS;2;36;0;6531
LeadingOnes;100;7500;RLS;2;37;9;7501
LeadingOnes;100;7500;RLS;2;38;3;7501
LeadingOnes;100;7500;RLS;2;39;4;7501
LeadingOnes;100;7500;RLS;2;40;8;7501
LeadingOnes;100;7500;RLS;2;41;10;7501
LeadingOnes;100;7500;RLS;2;42;5;7501
LeadingOnes;100;7500;RLS;2;43;8;7501
LeadingOnes;100;7500;RLS;2;44;5;7501
LeadingOnes;100;7500;RLS;2;45;2;7501
LeadingOnes;100;7500;RLS;2;46;6;7501
LeadingOnes;100;7500;RLS;2;47;7;7501
LeadingOnes;100;7500;RLS;2;48;7;7501
LeadingOnes;100;7500;RLS;2;49;5;7501
LeadingOnes;100;7500;RLS;2;50;10;7501
LeadingOnes;100;7500;RLS;2;51;15;7501
LeadingOnes;100;7500;RLS;2;52;7;7501
LeadingOnes;100;7500;RLS;2;53;4;7501
LeadingOnes;100;7500;RLS;2;54;9;7501
LeadingOnes;100;7500;RLS;2;55;11;7501
LeadingOnes;100;7500;RLS;2;56;4;7501
LeadingOnes;100;7500;RLS;2;57;7;7501
LeadingOnes;100;7500;RLS;2;58;8;7501
LeadingOnes;100;7500;RLS;2;59;9;7501
LeadingOnes;100;7500;RLS;2;60;21;7501
LeadingOnes;100;7500;RLS;2;61;8;7501
LeadingOnes;100;7500;RLS;2;62;5;7501
LeadingOnes;100;7500;RLS;2;63;8;7501
LeadingOnes;100;7500;RLS;2;64;14;7501
LeadingOnes;100;7500;RLS;2;65;3;7501
LeadingOnes;100;7500;RLS;2;66;13;7501
LeadingOnes;100;7500;RLS;2;67;2;7501
LeadingOnes;100;7500;RLS;2;68;4;7501
LeadingOnes;100;7500;RLS;2;69;0;6765
LeadingOnes;100;7500;RLS;2;70;7;7501
LeadingOnes;100;7500;RLS;2;71;10;7501
LeadingOnes;100;7500;RLS;2;72;2;7501
LeadingOnes;100;7500;RLS;2;73;8;7501
LeadingOnes;100;7500;RLS;2;74;9;7501
LeadingOnes;100;7500;RLS;2;75;5;7501
LeadingOnes;100;7500;RLS;2;76;3;7501
LeadingOnes;100;7500;RLS;2;77;7;7501
LeadingOnes;100;7500;RLS;2;78;0;6755
LeadingOnes;100;7500;RLS;2;79;5;7501
LeadingOnes;100;7500;RLS;2;80;3;7501
LeadingOnes;100;7500;RLS;2;81;8;7501
LeadingOnes;100;7500;RLS;2;82;16;7501
LeadingOnes;100;7500;RLS;2;83;3;7501
LeadingOnes;100;7500;RLS;2;84;0;6748
LeadingOnes;100;7500;RLS;2;85;0;5149
LeadingOnes;100;7500;RLS;2;86;4;7501
LeadingOnes;100;7500;RLS;2;87;5;7501
LeadingOnes;100;7500;RLS;2;88;5;7501
LeadingOnes;100;7500;RLS;2;89;12;7501
LeadingOnes;100;7500;RLS;2;90;5;7501
LeadingOnes;100;7500;RLS;2;91;4;7501
LeadingOnes;100;7500;RLS;2;92;6;7501
LeadingOnes;100;7500;RLS;2;93;4;7501
LeadingOnes;100;7500;RLS;2;94;3;7501
LeadingOnes;100;7500;RLS;2;95;0;6758
LeadingOnes;100;7500;RLS;2;96;6;7501
LeadingOnes;100;7500;RLS;2;97;2;7501
LeadingOnes;100;7500;RLS;2;98;6;7501
LeadingOnes;100;7500;RLS;2;99;4;7501
LeadingOnes;200;20000;RLS;1;0;18;20001
LeadingOnes;200;20000;RLS;1;1;2;20001
LeadingOnes;200;20000;RLS;1;2;0;18136
LeadingOnes;200;20000;RLS;1;3;6;20001
LeadingOnes;200;20000;RLS;1;4;22;20001
LeadingOnes;200;20000;RLS;1;5;13;20001
LeadingOnes;200;20000;RLS;1;6;14;20001
LeadingOnes;200;20000;RLS;1;7;0;18733
LeadingOnes;200;20000;RLS;1;8;14;20001
LeadingOnes;200;20000;RLS;1;9;28;20001
LeadingOnes;200;20000;RLS;1;10;27;20001
LeadingOnes;200;20000;RLS;1;11;0;16262
LeadingOnes;200;20000;RLS;1;12;33;20001
LeadingOnes;200;20000;RLS;1;13;30;20001
LeadingOnes;200;20000;RLS;1;14;0;19980
LeadingOnes;200;20000;RLS;1;15;0;18949
LeadingOnes;200;20000;RLS;1;16;0;19794
LeadingOnes;200;20000;RLS;1;17;0;16795
LeadingOnes;200;20000;RLS;1;18;0;18211
LeadingOnes;200;20000;RLS;1;19;0;19794
LeadingOnes;200;20000;RLS;1;20;0;18092
LeadingOnes;200;20000;RLS;1;21;0;16733
LeadingOnes;200;20000;RLS;1;22;8;20001
LeadingOnes;200;20000;RLS;1;23;14;20001
LeadingOnes;200;20000;RLS;1;24;0;15133
LeadingOnes;200;20000;RLS;1;25;35;20001
LeadingOnes;200;20000;RLS;1;26;28;20001
LeadingOnes;200;20000;RLS;1;27;0;19821
LeadingOnes;200;20000;RLS;1;28;0;19133
LeadingOnes;200;20000;RLS;1;29;18;20001
LeadingOnes;200;20000;RLS;1;30;9;20001
LeadingOnes;200;20000;RLS;1;31;0;17853
LeadingOnes;200;20000;RLS;1;32;55;20001
LeadingOnes;200;20000;RLS;1;33;20;20001
LeadingOnes;200;20000;RLS;1;34;0;15774
LeadingOnes;200;20000;RLS;1;35;8;20001
LeadingOnes;200;20000;RLS;1;36;20;20001
LeadingOnes;200;20000;RLS;1;37;26;20001
LeadingOnes;200;20000;RLS;1;38;0;16425
LeadingOnes;200;20000;RLS;1;39;0;19322
LeadingOnes;200;20000;RLS;1;40;36;20001
LeadingOnes;200;20000;RLS;1;41;9;20001
LeadingOnes;200;20000;RLS;1;42;55;20001
LeadingOnes;200;20000;RLS;1;43;15;20001
LeadingOnes;200;20000;RLS;1;44;0;17839
LeadingOnes;200;20000;RLS;1;45;26;20001
LeadingOnes;200;20000;RLS;1;46;10;20001
LeadingOnes;200;20000;RLS;1;47;0;18345
LeadingOnes;200;20000;RLS;1;48;0;16247
LeadingOnes;200;20000;RLS;1;49;27;20001
LeadingOnes;200;20000;RLS;1;50;7;20001
LeadingOnes;200;20000;RLS;1;51;19;20001
LeadingOnes;200;20000;RLS;1;52;74;20001
LeadingOnes;200;20000;RLS;1;53;22;20001
LeadingOnes;200;20000;RLS;1;54;38;20001
LeadingOnes;200;20000;RLS;1;55;0;17358
LeadingOnes;200;20000;RLS;1;56;0;17130
LeadingOnes;200;20000;RLS;1;57;5;20001
LeadingOnes;200;20000;RLS;1;58;6;20001
LeadingOnes;200;20000;RLS;1;59;2;20001
LeadingOnes;200;20000;RLS;1;60;0;17054
LeadingOnes;200;20000;RLS;1;61;25;20001
LeadingOnes;200;20000;RLS;1;62;3;20001
LeadingOnes;200;20000;RLS;1;63;0;19593
LeadingOnes;200;20000;RLS;1;64;0;18721
LeadingOnes;200;20000;RLS;1;65;32;20001
LeadingOnes;200;20000;RLS;1;66;0;18773
LeadingOnes;200;20000;RLS;1;67;6;20001
LeadingOnes;200;20000;RLS;1;68;2;20001
LeadingOnes;200;20000;RLS;1;69;0;16623
LeadingOnes;200;20000;RLS;1;70;6;20001
LeadingOnes;200;20000;RLS;1;71;51;20001
LeadingOnes;200;20000;RLS;1;72;0;19863
LeadingOnes;200;20000;RLS;1;73;52;20001
LeadingOnes;200;20000;RLS;1;74;0;18256
LeadingOnes;200;20000;RLS;1;75;0;15327
LeadingOnes;200;20000;RLS;1;76;12;20001
LeadingOnes;200;20000;RLS;1;77;9;20001
LeadingOnes;200;20000;RLS;1;78;2;20001
LeadingOnes;200;20000;RLS;1;79;0;17262
LeadingOnes;200;20000;RLS;1;80;0;18855
LeadingOnes;200;20000;RLS;1;81;4;20001
LeadingOnes;200;20000;RLS;1;82;0;19208
LeadingOnes;200;20000;RLS;1;83;21;20001
LeadingOnes;200;20000;RLS;1;84;0;19862
LeadingOnes;200;20000;RLS;1;85;6;20001
LeadingOnes;200;20000;RLS;1;86;0;17949
LeadingOnes;200;20000;RLS;1;87;3;20001
LeadingOnes;200;20000;RLS;1;88;42;20001
LeadingOnes;200;20000;RLS;1;89;0;17678
LeadingOnes;200;20000;RLS;1;90;0;19853
LeadingOnes;200;20000;RLS;1;91;38;20001
LeadingOnes;200;20000;RLS;1;92;32;20001
LeadingOnes;200;20000;RLS;1;93;1;20001
LeadingOnes;200;20000;RLS;1;94;0;19643
LeadingOnes;200;20000;RLS;1;95;32;20001
LeadingOnes;200;20000;RLS;1;96;14;20001
LeadingOnes;200;20000;RLS;1;97;0;19484
LeadingOnes;200;20000;RLS;1;98;0;16085
LeadingOnes;200;20000;RLS;1;99;0;17208
LeadingOnes;200;30000;RLS;1;0;0;20355
LeadingOnes;200;30000;RLS;1;1;0;18811
LeadingOnes;200;30000;RLS;1;2;0;19027
LeadingOnes;200;30000;RLS;1;3;0;18606
LeadingOnes;200;30000;RLS;1;4;0;18623
LeadingOnes;200;30000;RLS;1;5;0;19499
LeadingOnes;200;30000;RLS;1;6;0;20217
LeadingOnes;200;30000;RLS;1;7;0;20609
LeadingOnes;200;30000;RLS;1;8;0;18277
LeadingOnes;200;30000;RLS;1;9;0;24942
LeadingOnes;200;30000;RLS;1;10;0;21736
LeadingOnes;200;30000;RLS;1;11;0;19842
LeadingOnes;200;30000;RLS;1;12;0;21502
LeadingOnes;200;30000;RLS;1;13;0;24243
LeadingOnes;200;30000;RLS;1;14;0;20585
LeadingOnes;200;30000;RLS;1;15;0;20406
LeadingOnes;200;30000;RLS;1;16;0;20934
LeadingOnes;200;30000;RLS;1;17;0;22264
LeadingOnes;200;30000;RLS;1;18;0;18135
LeadingOnes;200;30000;RLS;1;19;0;20142
LeadingOnes;200;30000;RLS;1;20;0;17365
LeadingOnes;200;30000;RLS;1;21;0;20041
LeadingOnes;200;30000;RLS;1;22;0;20837
LeadingOnes;200;30000;RLS;1;23;0;20629
LeadingOnes;200;30000;RLS;1;24;0;20809
LeadingOnes;200;30000;RLS;1;25;0;19676
LeadingOnes;200;30000;RLS;1;26;0;16135
LeadingOnes;200;30000;RLS;1;27;0;22904
LeadingOnes;200;30000;RLS;1;28;0;19929
LeadingOnes;200;30000;RLS;1;29;0;17600
LeadingOnes;200;30000;RLS;1;30;0;15653
LeadingOnes;200;30000;RLS;1;31;0;17160
LeadingOnes;200;30000;RLS;1;32;0;24506
LeadingOnes;200;30000;RLS;1;33;0;19665
LeadingOnes;200;30000;RLS;1;34;0;22172
LeadingOnes;200;30000;RLS;1;35;0;15079
LeadingOnes;200;30000;RLS;1;36;0;23524
LeadingOnes;200;30000;RLS;1;37;0;17810
LeadingOnes;200;30000;RLS;1;38;0;21076
LeadingOnes;200;30000;RLS;1;39;0;25599
LeadingOnes;200;30000;RLS;1;40;0;23414
LeadingOnes;200;30000;RLS;1;41;0;22923
LeadingOnes;200;30000;RLS;1;42;0;19096
LeadingOnes;200;30000;RLS;1;43;0;22382
LeadingOnes;200;30000;RLS;1;44;0;17383
LeadingOnes;200;30000;RLS;1;45;0;17355
LeadingOnes;200;30000;RLS;1;46;0;23343
LeadingOnes;200;30000;RLS;1;47;0;20963
LeadingOnes;200;30000;RLS;1;48;0;19023
LeadingOnes;200;30000;RLS;1;49;0;20171
LeadingOnes;200;30000;RLS;1;50;0;19765
LeadingOnes;200;30000;RLS;1;51;0;17731
LeadingOnes;200;30000;RLS;1;52;0;19516
LeadingOnes;200;30000;RLS;1;53;0;22981
LeadingOnes;200;30000;RLS;1;54;0;17781
LeadingOnes;200;30000;RLS;1;55;0;25745
LeadingOnes;200;30000;RLS;1;56;0;21477
LeadingOnes;200;30000;RLS;1;57;0;22285
LeadingOnes;200;30000;RLS;1;58;0;21474
LeadingOnes;200;30000;RLS;1;59;0;22839
LeadingOnes;200;30000;RLS;1;60;0;22136
LeadingOnes;200;30000;RLS;1;61;0;17058
LeadingOnes;200;30000;RLS;1;62;0;23390
LeadingOnes;200;30000;RLS;1;63;0;20265
LeadingOnes;200;30000;RLS;1;64;0;19680
LeadingOnes;200;30000;RLS;1;65;0;20268
LeadingOnes;200;30000;RLS;1;66;0;25592
LeadingOnes;200;30000;RLS;1;67;0;19089
LeadingOnes;200;30000;RLS;1;68;0;22728
LeadingOnes;200;30000;RLS;1;69;0;22908
LeadingOnes;200;30000;RLS;1;70;0;20206
LeadingOnes;200;30000;RLS;1;71;0;15882
LeadingOnes;200;30000;RLS;1;72;0;21481
LeadingOnes;200;30000;RLS;1;73;0;21597
LeadingOnes;200;30000;RLS;1;74;0;21838
LeadingOnes;200;30000;RLS;1;75;0;23074
LeadingOnes;200;30000;RLS;1;76;0;20567
LeadingOnes;200;30000;RLS;1;77;0;20292
LeadingOnes;200;30000;RLS;1;78;0;23493
LeadingOnes;200;30000;RLS;1;79;0;19974
LeadingOnes;200;30000;RLS;1;80;0;20123
LeadingOnes;200;30000;RLS;1;81;0;21442
LeadingOnes;200;30000;RLS;1;82;0;16963
LeadingOnes;200;30000;RLS;1;83;0;24831
LeadingOnes;200;30000;RLS;1;84;0;19781
LeadingOnes;200;30000;RLS;1;85;0;23339
LeadingOnes;200;30000;RLS;1;86;0;22000
LeadingOnes;200;30000;RLS;1;87;0;18166
LeadingOnes;200;30000;RLS;1;88;0;18607
LeadingOnes;200;30000;RLS;1;89;0;23245
LeadingOnes;200;30000;RLS;1;90;0;19038
LeadingOnes;200;30000;RLS;1;91;0;19344
LeadingOnes;200;30000;RLS;1;92;0;24511
LeadingOnes;200;30000;RLS;1;93;0;23049
LeadingOnes;200;30000;RLS;1;94;0;21420
LeadingOnes;200;30000;RLS;1;95;0;18736
LeadingOnes;200;30000;RLS;1;96;0;21766
LeadingOnes;200;30000;RLS;1;97;0;20650
LeadingOnes;200;30000;RLS;1;98;0;19644
LeadingOnes;200;30000;RLS;1;99;0;16458
LeadingOnes;200;20000;RLS;2;0;26;20001
LeadingOnes;200;20000;RLS;2;1;29;20001
LeadingOnes;200;20000;RLS;2;2;56;20001
LeadingOnes;200;20000;RLS;2;3;26;20001
LeadingOnes;200;20000;RLS;2;4;22;20001
LeadingOnes;200;20000;RLS;2;5;23;20001
LeadingOnes;200;20000;RLS;2;6;30;20001
LeadingOnes;200;20000;RLS;2;7;42;20001
LeadingOnes;200;20000;RLS;2;8;23;20001
LeadingOnes;200;20000;RLS;2;9;34;20001
LeadingOnes;200;20000;RLS;2;10;24;20001
LeadingOnes;200;20000;RLS;2;11;26;20001
LeadingOnes;200;20000;RLS;2;12;17;20001
LeadingOnes;200;20000;RLS;2;13;41;20001
LeadingOnes;200;20000;RLS;2;14;24;20001
LeadingOnes;200;20000;RLS;2;15;32;20001
LeadingOnes;200;20000;RLS;2;16;32;20001
LeadingOnes;200;20000;RLS;2;17;41;20001
LeadingOnes;200;20000;RLS;2;18;25;20001
LeadingOnes;200;20000;RLS;2;19;24;20001
LeadingOnes;200;20000;RLS;2;20;27;20001
LeadingOnes;200;20000;RLS;2;21;45;20001
LeadingOnes;200;20000;RLS;2;22;31;20001
LeadingOnes;200;20000;RLS;2;23;26;20001
LeadingOnes;200;20000;RLS;2;24;41;20001
LeadingOnes;200;20000;RLS;2;25;43;20001
LeadingOnes;200;20000;RLS;2;26;40;20001
LeadingOnes;200;20000;RLS;2;27;29;20001
LeadingOnes;200;20000;RLS;2;28;26;20001
LeadingOnes;200;20000;RLS;2;29;34;20001
LeadingOnes;200;20000;RLS;2;30;25;20001
LeadingOnes;200;20000;RLS;2;31;19;20001
LeadingOnes;200;20000;RLS;2;32;24;20001
LeadingOnes;200;20000;RLS;2;33;32;20001
LeadingOnes;200;20000;RLS;2;34;22;20001
LeadingOnes;200;20000;RLS;2;35;41;20001
LeadingOnes;200;20000;RLS;2;36;26;20001
LeadingOnes;200;20000;RLS;2;37;39;20001
LeadingOnes;200;20000;RLS;2;38;41;20001
LeadingOnes;200;20000;RLS;2;39;22;20001
LeadingOnes;200;20000;RLS;2;40;24;20001
LeadingOnes;200;20000;RLS;2;41;25;20001
LeadingOnes;200;20000;RLS;2;42;22;20001
LeadingOnes;200;20000;RLS;2;43;25;20001
LeadingOnes;200;20000;RLS;2;44;27;20001
LeadingOnes;200;20000;RLS;2;45;42;20001
LeadingOnes;200;20000;RLS;2;46;17;20001
LeadingOnes;200;20000;RLS;2;47;21;20001
LeadingOnes;200;20000;RLS;2;48;25;20001
LeadingOnes;200;20000;RLS;2;49;37;20001
LeadingOnes;200;20000;RLS;2;50;23;20001
LeadingOnes;200;20000;RLS;2;51;17;20001
LeadingOnes;200;20000;RLS;2;52;26;20001
LeadingOnes;200;20000;RLS;2;53;27;20001
LeadingOnes;200;20000;RLS;2;54;22;20001
LeadingOnes;200;20000;RLS;2;55;33;20001
LeadingOnes;200;20000;RLS;2;56;36;20001
LeadingOnes;200;20000;RLS;2;57;28;20001
LeadingOnes;200;20000;RLS;2;58;19;20001
LeadingOnes;200;20000;RLS;2;59;21;20001
LeadingOnes;200;20000;RLS;2;60;43;20001
LeadingOnes;200;20000;RLS;2;61;25;20001
LeadingOnes;200;20000;RLS;2;62;32;20001
LeadingOnes;200;20000;RLS;2;63;24;20001
LeadingOnes;200;20000;RLS;2;64;28;20001
LeadingOnes;200;20000;RLS;2;65;17;20001
LeadingOnes;200;20000;RLS;2;66;25;20001
LeadingOnes;200;20000;RLS;2;67;15;20001
LeadingOnes;200;20000;RLS;2;68;28;20001
LeadingOnes;200;20000;RLS;2;69;32;20001
LeadingOnes;200;20000;RLS;2;70;34;20001
LeadingOnes;200;20000;RLS;2;71;30;20001
LeadingOnes;200;20000;RLS;2;72;28;20001
LeadingOnes;200;20000;RLS;2;73;24;20001
LeadingOnes;200;20000;RLS;2;74;39;20001
LeadingOnes;200;20000;RLS;2;75;34;20001
LeadingOnes;200;20000;RLS;2;76;11;20001
LeadingOnes;200;20000;RLS;2;77;15;20001
LeadingOnes;200;20000;RLS;2;78;25;20001
LeadingOnes;200;20000;RLS;2;79;21;20001
LeadingOnes;200;20000;RLS;2;80;29;20001
LeadingOnes;200;20000;RLS;2;81;58;20001
LeadingOnes;200;20000;RLS;2;82;37;20001
LeadingOnes;200;20000;RLS;2;83;17;20001
LeadingOnes;200;20000;RLS;2;84;22;20001
LeadingOnes;200;20000;RLS;2;85;28;20001
LeadingOnes;200;20000;RLS;2;86;38;20001
LeadingOnes;200;20000;RLS;2;87;28;20001
LeadingOnes;200;20000;RLS;2;88;19;20001
LeadingOnes;200;20000;RLS;2;89;19;20001
LeadingOnes;200;20000;RLS;2;90;31;20001
LeadingOnes;200;20000;RLS;2;91;25;20001
LeadingOnes;200;20000;RLS;2;92;27;20001
LeadingOnes;200;20000;RLS;2;93;42;20001
LeadingOnes;200;20000;RLS;2;94;27;20001
LeadingOnes;200;20000;RLS;2;95;38;20001
LeadingOnes;200;20000;RLS;2;96;32;20001
LeadingOnes;200;20000;RLS;2;97;30;20001
LeadingOnes;200;20000;RLS;2;98;28;20001
LeadingOnes;200;20000;RLS;2;99;26;20001
LeadingOnes;200;30000;RLS;2;0;17;30001
LeadingOnes;200;30000;RLS;2;1;6;30001
LeadingOnes;200;30000;RLS;2;2;9;30001
LeadingOnes;200;30000;RLS;2;3;6;30001
LeadingOnes;200;30000;RLS;2;4;7;30001
LeadingOnes;200;30000;RLS;2;5;11;30001
LeadingOnes;200;30000;RLS;2;6;18;30001
LeadingOnes;200;30000;RLS;2;7;19;30001
LeadingOnes;200;30000;RLS;2;8;7;30001
LeadingOnes;200;30000;RLS;2;9;20;30001
LeadingOnes;200;30000;RLS;2;10;26;30001
LeadingOnes;200;30000;RLS;2;11;17;30001
LeadingOnes;200;30000;RLS;2;12;14;30001
LeadingOnes;200;30000;RLS;2;13;5;30001
LeadingOnes;200;30000;RLS;2;14;10;30001
LeadingOnes;200;30000;RLS;2;15;6;30001
LeadingOnes;200;30000;RLS;2;16;11;30001
LeadingOnes;200;30000;RLS;2;17;6;30001
LeadingOnes;200;30000;RLS;2;18;11;30001
LeadingOnes;200;30000;RLS;2;19;8;30001
LeadingOnes;200;30000;RLS;2;20;14;30001
LeadingOnes;200;30000;RLS;2;21;5;30001
LeadingOnes;200;30000;RLS;2;22;6;30001
LeadingOnes;200;30000;RLS;2;23;9;30001
LeadingOnes;200;30000;RLS;2;24;13;30001
LeadingOnes;200;30000;RLS;2;25;5;30001
LeadingOnes;200;30000;RLS;2;26;7;30001
LeadingOnes;200;30000;RLS;2;27;9;30001
LeadingOnes;200;30000;RLS;2;28;2;30001
LeadingOnes;200;30000;RLS;2;29;16;30001
LeadingOnes;200;30000;RLS;2;30;3;30001
LeadingOnes;200;30000;RLS;2;31;12;30001
LeadingOnes;200;30000;RLS;2;32;7;30001
LeadingOnes;200;30000;RLS;2;33;11;30001
LeadingOnes;200;30000;RLS;2;34;23;30001
LeadingOnes;200;30000;RLS;2;35;19;30001
LeadingOnes;200;30000;RLS;2;36;8;30001
LeadingOnes;200;30000;RLS;2;37;6;30001
LeadingOnes;200;30000;RLS;2;38;4;30001
LeadingOnes;200;30000;RLS;2;39;6;30001
LeadingOnes;200;30000;RLS;2;40;15;30001
LeadingOnes;200;30000;RLS;2;41;0;27896
LeadingOnes;200;30000;RLS;2;42;10;30001
LeadingOnes;200;30000;RLS;2;43;2;30001
LeadingOnes;200;30000;RLS;2;44;7;30001
LeadingOnes;200;30000;RLS;2;45;14;30001
LeadingOnes;200;30000;RLS;2;46;12;30001
LeadingOnes;200;30000;RLS;2;47;16;30001
LeadingOnes;200;30000;RLS;2;48;16;30001
LeadingOnes;200;30000;RLS;2;49;11;30001
LeadingOnes;200;30000;RLS;2;50;3;30001
LeadingOnes;200;30000;RLS;2;51;4;30001
LeadingOnes;200;30000;RLS;2;52;11;30001
LeadingOnes;200;30000;RLS;2;53;0;24558
LeadingOnes;200;30000;RLS;2;54;17;30001
LeadingOnes;200;30000;RLS;2;55;15;30001
LeadingOnes;200;30000;RLS;2;56;16;30001
LeadingOnes;200;30000;RLS;2;57;17;30001
LeadingOnes;200;30000;RLS;2;58;13;30001
LeadingOnes;200;30000;RLS;2;59;15;30001
LeadingOnes;200;30000;RLS;2;60;11;30001
LeadingOnes;200;30000;RLS;2;61;12;30001
LeadingOnes;200;30000;RLS;2;62;6;30001
LeadingOnes;200;30000;RLS;2;63;3;30001
LeadingOnes;200;30000;RLS;2;64;11;30001
LeadingOnes;200;30000;RLS;2;65;2;30001
LeadingOnes;200;30000;RLS;2;66;16;30001
LeadingOnes;200;30000;RLS;2;67;10;30001
LeadingOnes;200;30000;RLS;2;68;14;30001
LeadingOnes;200;30000;RLS;2;69;19;30001
LeadingOnes;200;30000;RLS;2;70;6;30001
LeadingOnes;200;30000;RLS;2;71;3;30001
LeadingOnes;200;30000;RLS;2;72;13;30001
LeadingOnes;200;30000;RLS;2;73;0;29588
LeadingOnes;200;30000;RLS;2;74;18;30001
LeadingOnes;200;30000;RLS;2;75;9;30001
LeadingOnes;200;30000;RLS;2;76;7;30001
LeadingOnes;200;30000;RLS;2;77;2;30001
LeadingOnes;200;30000;RLS;2;78;11;30001
LeadingOnes;200;30000;RLS;2;79;14;30001
LeadingOnes;200;30000;RLS;2;80;8;30001
LeadingOnes;200;30000;RLS;2;81;9;30001
LeadingOnes;200;30000;RLS;2;82;12;30001
LeadingOnes;200;30000;RLS;2;83;6;30001
LeadingOnes;200;30000;RLS;2;84;7;30001
LeadingOnes;200;30000;RLS;2;85;14;30001
LeadingOnes;200;30000;RLS;2;86;8;30001
LeadingOnes;200;30000;RLS;2;87;2;30001
LeadingOnes;200;30000;RLS;2;88;18;30001
LeadingOnes;200;30000;RLS;2;89;10;30001
LeadingOnes;200;30000;RLS;2;90;19;30001
LeadingOnes;200;30000;RLS;2;91;10;30001
LeadingOnes;200;30000;RLS;2;92;12;30001
LeadingOnes;200;30000;RLS;2;93;11;30001
LeadingOnes;200;30000;RLS;2;94;12;30001
LeadingOnes;200;30000;RLS;2;95;8;30001
LeadingOnes;200;30000;RLS;2;96;8;30001
LeadingOnes;200;30000;RLS;2;97;0;27890
LeadingOnes;200;30000;RLS;2;98;16;30001
LeadingOnes;200;30000;RLS;2;99;3;30001
LeadingOnes;500;125000;RLS;1;0;0;123411
LeadingOnes;500;125000;RLS;1;1;0;124734
LeadingOnes;500;125000;RLS;1;2;0;120639
LeadingOnes;500;125000;RLS;1;3;0;113413
LeadingOnes;500;125000;RLS;1;4;45;125001
LeadingOnes;500;125000;RLS;1;5;0;122029
LeadingOnes;500;125000;RLS;1;6;45;125001
LeadingOnes;500;125000;RLS;1;7;0;120812
LeadingOnes;500;125000;RLS;1;8;23;125001
LeadingOnes;500;125000;RLS;1;9;10;125001
LeadingOnes;500;125000;RLS;1;10;0;118937
LeadingOnes;500;125000;RLS;1;11;3;125001
LeadingOnes;500;125000;RLS;1;12;0;105191
LeadingOnes;500;125000;RLS;1;13;0;123991
LeadingOnes;500;125000;RLS;1;14;49;125001
LeadingOnes;500;125000;RLS;1;15;45;125001
LeadingOnes;500;125000;RLS;1;16;38;125001
LeadingOnes;500;125000;RLS;1;17;13;125001
LeadingOnes;500;125000;RLS;1;18;0;119275
LeadingOnes;500;125000;RLS;1;19;0;110090
LeadingOnes;500;125000;RLS;1;20;0;118643
LeadingOnes;500;125000;RLS;1;21;0;116354
LeadingOnes;500;125000;RLS;1;22;0;109729
LeadingOnes;500;125000;RLS;1;23;0;113879
LeadingOnes;500;125000;RLS;1;24;45;125001
LeadingOnes;500;125000;RLS;1;25;0;114943
LeadingOnes;500;125000;RLS;1;26;69;125001
LeadingOnes;500;125000;RLS;1;27;0;111034
LeadingOnes;500;125000;RLS;1;28;11;125001
LeadingOnes;500;125000;RLS;1;29;37;125001
LeadingOnes;500;125000;RLS;1;30;0;121496
LeadingOnes;500;125000;RLS;1;31;31;125001
LeadingOnes;500;125000;RLS;1;32;0;113386
LeadingOnes;500;125000;RLS;1;33;15;125001
LeadingOnes;500;125000;RLS;1;34;24;125001
LeadingOnes;500;125000;RLS;1;35;16;125001
LeadingOnes;500;125000;RLS;1;36;45;125001
LeadingOnes;500;125000;RLS;1;37;0;120780
LeadingOnes;500;125000;RLS;1;38;36;125001
LeadingOnes;500;125000;RLS;1;39;33;125001
LeadingOnes;500;125000;RLS;1;40;0;116776
LeadingOnes;500;125000;RLS;1;41;0;122382
LeadingOnes;500;125000;RLS;1;42;0;119738
LeadingOnes;500;125000;RLS;1;43;39;125001
LeadingOnes;500;125000;RLS;1;44;0;124892
LeadingOnes;500;125000;RLS;1;45;0;122734
LeadingOnes;500;125000;RLS;1;46;0;123878
LeadingOnes;500;125000;RLS;1;47;2;125001
LeadingOnes;500;125000;RLS;1;48;1;125001
LeadingOnes;500;125000;RLS;1;49;24;125001
LeadingOnes;500;125000;RLS;1;50;0;107647
LeadingOnes;500;125000;RLS;1;51;25;125001
LeadingOnes;500;125000;RLS;1;52;141;125001
LeadingOnes;500;125000;RLS;1;53;12;125001
LeadingOnes;500;125000;RLS;1;54;0;123264
LeadingOnes;500;125000;RLS;1;55;17;125001
LeadingOnes;500;125000;RLS;1;56;22;125001
LeadingOnes;500;125000;RLS;1;57;16;125001
LeadingOnes;500;125000;RLS;1;58;58;125001
LeadingOnes;500;125000;RLS;1;59;0;113451
LeadingOnes;500;125000;RLS;1;60;44;125001
LeadingOnes;500;125000;RLS;1;61;36;125001
LeadingOnes;500;125000;RLS;1;62;0;104925
LeadingOnes;500;125000;RLS;1;63;0;109721
LeadingOnes;500;125000;RLS;1;64;8;125001
LeadingOnes;500;125000;RLS;1;65;0;118558
LeadingOnes;500;125000;RLS;1;66;0;109940
LeadingOnes;500;125000;RLS;1;67;21;125001
LeadingOnes;500;125000;RLS;1;68;0;121602
LeadingOnes;500;125000;RLS;1;69;0;118629
LeadingOnes;500;125000;RLS;1;70;3;125001
LeadingOnes;500;125000;RLS;1;71;0;116146
LeadingOnes;500;125000;RLS;1;72;16;125001
LeadingOnes;500;125000;RLS;1;73;26;125001
LeadingOnes;500;125000;RLS;1;74;74;125001
LeadingOnes;500;125000;RLS;1;75;0;121548
LeadingOnes;500;125000;RLS;1;76;0;124653
LeadingOnes;500;125000;RLS;1;77;24;125001
LeadingOnes;500;125000;RLS;1;78;0;109163
LeadingOnes;500;125000;RLS;1;79;64;125001
LeadingOnes;500;125000;RLS;1;80;36;125001
LeadingOnes;500;125000;RLS;1;81;47;125001
LeadingOnes;500;125000;RLS;1;82;0;112533
LeadingOnes;500;125000;RLS;1;83;0;122062
LeadingOnes;500;125000;RLS;1;84;37;125001
LeadingOnes;500;125000;RLS;1;85;66;125001
LeadingOnes;500;125000;RLS;1;86;41;125001
LeadingOnes;500;125000;RLS;1;87;47;125001
LeadingOnes;500;125000;RLS;1;88;91;125001
LeadingOnes;500;125000;RLS;1;89;0;123982
LeadingOnes;500;125000;RLS;1;90;0;122835
LeadingOnes;500;125000;RLS;1;91;15;125001
LeadingOnes;500;125000;RLS;1;92;0;118168
LeadingOnes;500;125000;RLS;1;93;0;115808
LeadingOnes;500;125000;RLS;1;94;31;125001
LeadingOnes;500;125000;RLS;1;95;48;125001
LeadingOnes;500;125000;RLS;1;96;0;110772
LeadingOnes;500;125000;RLS;1;97;8;125001
LeadingOnes;500;125000;RLS;1;98;22;125001
LeadingOnes;500;125000;RLS;1;99;29;125001
LeadingOnes;500;187500;RLS;1;0;0;128065
LeadingOnes;500;187500;RLS;1;1;0;128583
LeadingOnes;500;187500;RLS;1;2;0;123604
LeadingOnes;500;187500;RLS;1;3;0;128420
LeadingOnes;500;187500;RLS;1;4;0;132520
LeadingOnes;500;187500;RLS;1;5;0;113242
LeadingOnes;500;187500;RLS;1;6;0;128779
LeadingOnes;500;187500;RLS;1;7;0;130928
LeadingOnes;500;187500;RLS;1;8;0;143325
LeadingOnes;500;187500;RLS;1;9;0;123221
LeadingOnes;500;187500;RLS;1;10;0;127395
LeadingOnes;500;187500;RLS;1;11;0;120638
LeadingOnes;500;187500;RLS;1;12;0;118351
LeadingOnes;500;187500;RLS;1;13;0;136132
LeadingOnes;500;187500;RLS;1;14;0;121307
LeadingOnes;500;187500;RLS;1;15;0;117975
LeadingOnes;500;187500;RLS;1;16;0;132789
LeadingOnes;500;187500;RLS;1;17;0;127018
LeadingOnes;500;187500;RLS;1;18;0;131665
LeadingOnes;500;187500;RLS;1;19;0;121801
LeadingOnes;500;187500;RLS;1;20;0;125157
LeadingOnes;500;187500;RLS;1;21;0;108268
LeadingOnes;500;187500;RLS;1;22;0;129692
LeadingOnes;500;187500;RLS;1;23;0;126547
LeadingOnes;500;187500;RLS;1;24;0;120116
LeadingOnes;500;187500;RLS;1;25;0;122537
LeadingOnes;500;187500;RLS;1;26;0;127603
LeadingOnes;500;187500;RLS;1;27;0;131521
LeadingOnes;500;187500;RLS;1;28;0;116845
LeadingOnes;500;187500;RLS;1;29;0;135114
LeadingOnes;500;187500;RLS;1;30;0;120697
LeadingOnes;500;187500;RLS;1;31;0;137077
LeadingOnes;500;187500;RLS;1;32;0;118741
LeadingOnes;500;187500;RLS;1;33;0;134205
LeadingOnes;500;187500;RLS;1;34;0;115494
LeadingOnes;500;187500;RLS;1;35;0;114821
LeadingOnes;500;187500;RLS;1;36;0;126852
LeadingOnes;500;187500;RLS;1;37;0;125443
LeadingOnes;500;187500;RLS;1;38;0;114264
LeadingOnes;500;187500;RLS;1;39;0;123369
LeadingOnes;500;187500;RLS;1;40;0;128258
LeadingOnes;500;187500;RLS;1;41;0;136607
LeadingOnes;500;187500;RLS;1;42;0;122755
LeadingOnes;500;187500;RLS;1;43;0;116810
LeadingOnes;500;187500;RLS;1;44;0;126558
LeadingOnes;500;187500;RLS;1;45;0;116400
LeadingOnes;500;187500;RLS;1;46;0;124567
LeadingOnes;500;187500;RLS;1;47;0;115214
LeadingOnes;500;187500;RLS;1;48;0;139712
LeadingOnes;500;187500;RLS;1;49;0;127072
LeadingOnes;500;187500;RLS;1;50;0;129042
LeadingOnes;500;187500;RLS;1;51;0;124459
LeadingOnes;500;187500;RLS;1;52;0;114478
LeadingOnes;500;187500;RLS;1;53;0;103211
LeadingOnes;500;187500;RLS;1;54;0;125789
LeadingOnes;500;187500;RLS;1;55;0;133329
LeadingOnes;500;187500;RLS;1;56;0;115428
LeadingOnes;500;187500;RLS;1;57;0;121697
LeadingOnes;500;187500;RLS;1;58;0;115040
LeadingOnes;500;187500;RLS;1;59;0;100074
LeadingOnes;500;187500;RLS;1;60;0;122514
LeadingOnes;500;187500;RLS;1;61;0;122411
LeadingOnes;500;187500;RLS;1;62;0;117002
LeadingOnes;500;187500;RLS;1;63;0;130598
LeadingOnes;500;187500;RLS;1;64;0;136170
LeadingOnes;500;187500;RLS;1;65;0;126710
LeadingOnes;500;187500;RLS;1;66;0;114545
LeadingOnes;500;187500;RLS;1;67;0;111126
LeadingOnes;500;187500;RLS;1;68;0;125429
LeadingOnes;500;187500;RLS;1;69;0;116508
LeadingOnes;500;187500;RLS;1;70;0;110202
LeadingOnes;500;187500;RLS;1;71;0;106866
LeadingOnes;500;187500;RLS;1;72;0;118290
LeadingOnes;500;187500;RLS;1;73;0;117678
LeadingOnes;500;187500;RLS;1;74;0;135752
LeadingOnes;500;187500;RLS;1;75;0;145371
LeadingOnes;500;187500;RLS;1;76;0;120441
LeadingOnes;500;187500;RLS;1;77;0;121848
LeadingOnes;500;187500;RLS;1;78;0;112690
LeadingOnes;500;187500;RLS;1;79;0;117819
LeadingOnes;500;187500;RLS;1;80;0;124179
LeadingOnes;500;187500;RLS;1;81;0;137010
LeadingOnes;500;187500;RLS;1;82;0;121843
LeadingOnes;500;187500;RLS;1;83;0;134026
LeadingOnes;500;187500;RLS;1;84;0;118111
LeadingOnes;500;187500;RLS;1;85;0;135651
LeadingOnes;500;187500;RLS;1;86;0;132075
LeadingOnes;500;187500;RLS;1;87;0;124060
LeadingOnes;500;187500;RLS;1;88;0;126220
LeadingOnes;500;187500;RLS;1;89;0;114570
LeadingOnes;500;187500;RLS;1;90;0;124174
LeadingOnes;500;187500;RLS;1;91;0;124074
LeadingOnes;500;187500;RLS;1;92;0;121286
LeadingOnes;500;187500;RLS;1;93;0;126283
LeadingOnes;500;187500;RLS;1;94;0;127789
LeadingOnes;500;187500;RLS;1;95;0;135196
LeadingOnes;500;187500;RLS;1;96;0;123941
LeadingOnes;500;187500;RLS;1;97;0;112691
LeadingOnes;500;187500;RLS;1;98;0;127851
LeadingOnes;500;187500;RLS;1;99;0;135055
LeadingOnes;500;125000;RLS;2;0;60;125001
LeadingOnes;500;125000;RLS;2;1;59;125001
LeadingOnes;500;125000;RLS;2;2;59;125001
LeadingOnes;500;125000;RLS;2;3;69;125001
LeadingOnes;500;125000;RLS;2;4;52;125001
LeadingOnes;500;125000;RLS;2;5;55;125001
LeadingOnes;500;125000;RLS;2;6;73;125001
LeadingOnes;500;125000;RLS;2;7;68;125001
LeadingOnes;500;125000;RLS;2;8;63;125001
LeadingOnes;500;125000;RLS;2;9;62;125001
LeadingOnes;500;125000;RLS;2;10;53;125001
LeadingOnes;500;125000;RLS;2;11;72;125001
LeadingOnes;500;125000;RLS;2;12;58;125001
LeadingOnes;500;125000;RLS;2;13;68;125001
LeadingOnes;500;125000;RLS;2;14;72;125001
LeadingOnes;500;125000;RLS;2;15;53;125001
LeadingOnes;500;125000;RLS;2;16;95;125001
LeadingOnes;500;125000;RLS;2;17;97;125001
LeadingOnes;500;125000;RLS;2;18;65;125001
LeadingOnes;500;125000;RLS;2;19;64;125001
LeadingOnes;500;125000;RLS;2;20;64;125001
LeadingOnes;500;125000;RLS;2;21;63;125001
LeadingOnes;500;125000;RLS;2;22;54;125001
LeadingOnes;500;125000;RLS;2;23;56;125001
LeadingOnes;500;125000;RLS;2;24;68;125001
LeadingOnes;500;125000;RLS;2;25;56;125001
LeadingOnes;500;125000;RLS;2;26;69;125001
LeadingOnes;500;125000;RLS;2;27;58;125001
LeadingOnes;500;125000;RLS;2;28;59;125001
LeadingOnes;500;125000;RLS;2;29;77;125001
LeadingOnes;500;125000;RLS;2;30;62;125001
LeadingOnes;500;125000;RLS;2;31;82;125001
LeadingOnes;500;125000;RLS;2;32;72;125001
LeadingOnes;500;125000;RLS;2;33;69;125001
LeadingOnes;500;125000;RLS;2;34;87;125001
LeadingOnes;500;125000;RLS;2;35;60;125001
LeadingOnes;500;125000;RLS;2;36;74;125001
LeadingOnes;500;125000;RLS;2;37;74;125001
LeadingOnes;500;125000;RLS;2;38;88;125001
LeadingOnes;500;125000;RLS;2;39;73;125001
LeadingOnes;500;125000;RLS;2;40;50;125001
LeadingOnes;500;125000;RLS;2;41;60;125001
LeadingOnes;500;125000;RLS;2;42;30;125001
LeadingOnes;500;125000;RLS;2;43;64;125001
LeadingOnes;500;125000;RLS;2;44;68;125001
LeadingOnes;500;125000;RLS;2;45;75;125001
LeadingOnes;500;125000;RLS;2;46;68;125001
LeadingOnes;500;125000;RLS;2;47;82;125001
LeadingOnes;500;125000;RLS;2;48;67;125001
LeadingOnes;500;125000;RLS;2;49;59;125001
LeadingOnes;500;125000;RLS;2;50;80;125001
LeadingOnes;500;125000;RLS;2;51;78;125001
LeadingOnes;500;125000;RLS;2;52;63;125001
LeadingOnes;500;125000;RLS;2;53;76;125001
LeadingOnes;500;125000;RLS;2;54;79;125001
LeadingOnes;500;125000;RLS;2;55;70;125001
LeadingOnes;500;125000;RLS;2;56;48;125001
LeadingOnes;500;125000;RLS;2;57;75;125001
LeadingOnes;500;125000;RLS;2;58;78;125001
LeadingOnes;500;125000;RLS;2;59;69;125001
LeadingOnes;500;125000;RLS;2;60;77;125001
LeadingOnes;500;125000;RLS;2;61;82;125001
LeadingOnes;500;125000;RLS;2;62;79;125001
LeadingOnes;500;125000;RLS;2;63;75;125001
LeadingOnes;500;125000;RLS;2;64;46;125001
LeadingOnes;500;125000;RLS;2;65;66;125001
LeadingOnes;500;125000;RLS;2;66;54;125001
LeadingOnes;500;125000;RLS;2;67;86;125001
LeadingOnes;500;125000;RLS;2;68;56;125001
LeadingOnes;500;125000;RLS;2;69;59;125001
LeadingOnes;500;125000;RLS;2;70;42;125001
LeadingOnes;500;125000;RLS;2;71;69;125001
LeadingOnes;500;125000;RLS;2;72;66;125001
LeadingOnes;500;125000;RLS;2;73;62;125001
LeadingOnes;500;125000;RLS;2;74;51;125001
LeadingOnes;500;125000;RLS;2;75;73;125001
LeadingOnes;500;125000;RLS;2;76;76;125001
LeadingOnes;500;125000;RLS;2;77;95;125001
LeadingOnes;500;125000;RLS;2;78;72;125001
LeadingOnes;500;125000;RLS;2;79;56;125001
LeadingOnes;500;125000;RLS;2;80;59;125001
LeadingOnes;500;125000;RLS;2;81;78;125001
LeadingOnes;500;125000;RLS;2;82;72;125001
LeadingOnes;500;125000;RLS;2;83;81;125001
LeadingOnes;500;125000;RLS;2;84;59;125001
LeadingOnes;500;125000;RLS;2;85;69;125001
LeadingOnes;500;125000;RLS;2;86;75;125001
LeadingOnes;500;125000;RLS;2;87;61;125001
LeadingOnes;500;125000;RLS;2;88;87;125001
LeadingOnes;500;125000;RLS;2;89;66;125001
LeadingOnes;500;125000;RLS;2;90;28;125001
LeadingOnes;500;125000;RLS;2;91;52;125001
LeadingOnes;500;125000;RLS;2;92;68;125001
LeadingOnes;500;125000;RLS;2;93;70;125001
LeadingOnes;500;125000;RLS;2;94;88;125001
LeadingOnes;500;125000;RLS;2;95;58;125001
LeadingOnes;500;125000;RLS;2;96;73;125001
LeadingOnes;500;125000;RLS;2;97;74;125001
LeadingOnes;500;125000;RLS;2;98;45;125001
LeadingOnes;500;125000;RLS;2;99;53;125001
LeadingOnes;500;187500;RLS;2;0;28;187501
LeadingOnes;500;187500;RLS;2;1;50;187501
LeadingOnes;500;187500;RLS;2;2;34;187501
LeadingOnes;500;187500;RLS;2;3;32;187501
LeadingOnes;500;187500;RLS;2;4;8;187501
LeadingOnes;500;187500;RLS;2;5;5;187501
LeadingOnes;500;187500;RLS;2;6;33;187501
LeadingOnes;500;187500;RLS;2;7;34;187501
LeadingOnes;500;187500;RLS;2;8;23;187501
LeadingOnes;500;187500;RLS;2;9;23;187501
LeadingOnes;500;187500;RLS;2;10;30;187501
LeadingOnes;500;187500;RLS;2;11;31;187501
LeadingOnes;500;187500;RLS;2;12;48;187501
LeadingOnes;500;187500;RLS;2;13;27;187501
LeadingOnes;500;187500;RLS;2;14;24;187501
LeadingOnes;500;187500;RLS;2;15;31;187501
LeadingOnes;500;187500;RLS;2;16;42;187501
LeadingOnes;500;187500;RLS;2;17;34;187501
LeadingOnes;500;187500;RLS;2;18;24;187501
LeadingOnes;500;187500;RLS;2;19;27;187501
LeadingOnes;500;187500;RLS;2;20;22;187501
LeadingOnes;500;187500;RLS;2;21;37;187501
LeadingOnes;500;187500;RLS;2;22;20;187501
LeadingOnes;500;187500;RLS;2;23;49;187501
LeadingOnes;500;187500;RLS;2;24;29;187501
LeadingOnes;500;187500;RLS;2;25;27;187501
LeadingOnes;500;187500;RLS;2;26;28;187501
LeadingOnes;500;187500;RLS;2;27;14;187501
LeadingOnes;500;187500;RLS;2;28;48;187501
LeadingOnes;500;187500;RLS;2;29;25;187501
LeadingOnes;500;187500;RLS;2;30;37;187501
LeadingOnes;500;187500;RLS;2;31;31;187501
LeadingOnes;500;187500;RLS;2;32;35;187501
LeadingOnes;500;187500;RLS;2;33;12;187501
LeadingOnes;500;187500;RLS;2;34;21;187501
LeadingOnes;500;187500;RLS;2;35;42;187501
LeadingOnes;500;187500;RLS;2;36;15;187501
LeadingOnes;500;187500;RLS;2;37;21;187501
LeadingOnes;500;187500;RLS;2;38;22;187501
LeadingOnes;500;187500;RLS;2;39;14;187501
LeadingOnes;500;187500;RLS;2;40;25;187501
LeadingOnes;500;187500;RLS;2;41;33;187501
LeadingOnes;500;187500;RLS;2;42;19;187501
LeadingOnes;500;187500;RLS;2;43;27;187501
LeadingOnes;500;187500;RLS;2;44;25;187501
LeadingOnes;500;187500;RLS;2;45;44;187501
LeadingOnes;500;187500;RLS;2;46;27;187501
LeadingOnes;500;187500;RLS;2;47;26;187501
LeadingOnes;500;187500;RLS;2;48;14;187501
LeadingOnes;500;187500;RLS;2;49;29;187501
LeadingOnes;500;187500;RLS;2;50;17;187501
LeadingOnes;500;187500;RLS;2;51;36;187501
LeadingOnes;500;187500;RLS;2;52;46;187501
LeadingOnes;500;187500;RLS;2;53;31;187501
LeadingOnes;500;187500;RLS;2;54;17;187501
LeadingOnes;500;187500;RLS;2;55;19;187501
LeadingOnes;500;187500;RLS;2;56;15;187501
LeadingOnes;500;187500;RLS;2;57;37;187501
LeadingOnes;500;187500;RLS;2;58;38;187501
LeadingOnes;500;187500;RLS;2;59;31;187501
LeadingOnes;500;187500;RLS;2;60;16;187501
LeadingOnes;500;187500;RLS;2;61;32;187501
LeadingOnes;500;187500;RLS;2;62;32;187501
LeadingOnes;500;187500;RLS;2;63;38;187501
LeadingOnes;500;187500;RLS;2;64;37;187501
LeadingOnes;500;187500;RLS;2;65;17;187501
LeadingOnes;500;187500;RLS;2;66;8;187501
LeadingOnes;500;187500;RLS;2;67;19;187501
LeadingOnes;500;187500;RLS;2;68;22;187501
LeadingOnes;500;187500;RLS;2;69;22;187501
LeadingOnes;500;187500;RLS;2;70;36;187501
LeadingOnes;500;187500;RLS;2;71;20;187501
LeadingOnes;500;187500;RLS;2;72;9;187501
LeadingOnes;500;187500;RLS;2;73;16;187501
LeadingOnes;500;187500;RLS;2;74;22;187501
LeadingOnes;500;187500;RLS;2;75;23;187501
LeadingOnes;500;187500;RLS;2;76;25;187501
LeadingOnes;500;187500;RLS;2;77;38;187501
LeadingOnes;500;187500;RLS;2;78;27;187501
LeadingOnes;500;187500;RLS;2;79;24;187501
LeadingOnes;500;187500;RLS;2;80;16;187501
LeadingOnes;500;187500;RLS;2;81;32;187501
LeadingOnes;500;187500;RLS;2;82;32;187501
LeadingOnes;500;187500;RLS;2;83;29;187501
LeadingOnes;500;187500;RLS;2;84;12;187501
LeadingOnes;500;187500;RLS;2;85;11;187501
LeadingOnes;500;187500;RLS;2;86;17;187501
LeadingOnes;500;187500;RLS;2;87;29;187501
LeadingOnes;500;187500;RLS;2;88;21;187501
LeadingOnes;500;187500;RLS;2;89;18;187501
LeadingOnes;500;187500;RLS;2;90;22;187501
LeadingOnes;500;187500;RLS;2;91;17;187501
LeadingOnes;500;187500;RLS;2;92;24;187501
LeadingOnes;500;187500;RLS;2;93;19;187501
LeadingOnes;500;187500;RLS;2;94;34;187501
LeadingOnes;500;187500;RLS;2;95;13;187501
LeadingOnes;500;187500;RLS;2;96;31;187501
LeadingOnes;500;187500;RLS;2;97;34;187501
LeadingOnes;500;187500;RLS;2;98;10;187501
LeadingOnes;500;187500;RLS;2;99;29;187501
