OneMax;10;24;RLS;1;0;1;25
OneMax;10;24;RLS;1;1;1;25
OneMax;10;24;RLS;1;2;1;25
OneMax;10;24;RLS;1;3;0;16
OneMax;10;24;RLS;1;4;0;20
OneMax;10;24;RLS;1;5;0;21
OneMax;10;24;RLS;1;6;1;25
OneMax;10;24;RLS;1;7;1;25
OneMax;10;24;RLS;1;8;0;18
OneMax;10;24;RLS;1;9;1;25
OneMax;10;24;RLS;1;10;1;25
OneMax;10;24;RLS;1;11;1;25
OneMax;10;24;RLS;1;12;1;25
OneMax;10;24;RLS;1;13;1;25
OneMax;10;24;RLS;1;14;0;18
OneMax;10;24;RLS;1;15;0;14
OneMax;10;24;RLS;1;16;1;25
OneMax;10;24;RLS;1;17;1;25
OneMax;10;24;RLS;1;18;0;15
OneMax;10;24;RLS;1;19;0;13
OneMax;10;24;RLS;1;20;1;25
OneMax;10;24;RLS;1;21;0;22
OneMax;10;24;RLS;1;22;1;25
OneMax;10;24;RLS;1;23;0;21
OneMax;10;24;RLS;1;24;0;18
OneMax;10;24;RLS;1;25;0;12
OneMax;10;24;RLS;1;26;1;25
OneMax;10;24;RLS;1;27;1;25
OneMax;10;24;RLS;1;28;1;25
OneMax;10;24;RLS;1;29;1;25
OneMax;10;24;RLS;1;30;0;14
OneMax;10;24;RLS;1;31;1;25
OneMax;10;24;RLS;1;32;0;17
OneMax;10;24;RLS;1;33;0;13
OneMax;10;24;RLS;1;34;0;19
OneMax;10;24;RLS;1;35;1;25
OneMax;10;24;RLS;1;36;2;25
OneMax;10;24;RLS;1;37;0;19
OneMax;10;24;RLS;1;38;0;18
OneMax;10;24;RLS;1;39;1;25
OneMax;10;24;RLS;1;40;0;21
OneMax;10;24;RLS;1;41;0;12
OneMax;10;24;RLS;1;42;0;13
OneMax;10;24;RLS;1;43;0;18
OneMax;10;24;RLS;1;44;0;10
OneMax;10;24;RLS;1;45;2;25
OneMax;10;24;RLS;1;46;1;25
OneMax;10;24;RLS;1;47;0;17
OneMax;10;24;RLS;1;48;0;14
OneMax;10;24;RLS;1;49;0;21
OneMax;10;24;RLS;1;50;0;6
OneMax;10;24;RLS;1;51;0;14
OneMax;10;24;RLS;1;52;1;25
OneMax;10;24;RLS;1;53;0;15
OneMax;10;24;RLS;1;54;1;25
OneMax;10;24;RLS;1;55;0;20
OneMax;10;24;RLS;1;56;0;23
OneMax;10;24;RLS;1;57;0;23
OneMax;10;24;RLS;1;58;1;25
OneMax;10;24;RLS;1;59;1;25
OneMax;10;24;RLS;1;60;0;22
OneMax;10;24;RLS;1;61;0;12
OneMax;10;24;RLS;1;62;1;25
OneMax;10;24;RLS;1;63;0;13
OneMax;10;24;RLS;1;64;0;7
OneMax;10;24;RLS;1;65;0;21
OneMax;10;24;RLS;1;66;0;12
OneMax;10;24;RLS;1;67;0;24
OneMax;10;24;RLS;1;68;0;14
OneMax;10;24;RLS;1;69;0;5
OneMax;10;24;RLS;1;70;0;20
OneMax;10;24;RLS;1;71;0;19
OneMax;10;24;RLS;1;72;0;16
OneMax;10;24;RLS;1;73;0;24
OneMax;10;24;RLS;1;74;0;20
OneMax;10;24;RLS;1;75;1;25
OneMax;10;24;RLS;1;76;2;25
OneMax;10;24;RLS;1;77;1;25
OneMax;10;24;RLS;1;78;0;18
OneMax;10;24;RLS;1;79;0;18
OneMax;10;24;RLS;1;80;0;23
OneMax;10;24;RLS;1;81;0;16
OneMax;10;24;RLS;1;82;1;25
OneMax;10;24;RLS;1;83;0;13
OneMax;10;24;RLS;1;84;0;15
OneMax;10;24;RLS;1;85;0;18
OneMax;10;24;RLS;1;86;0;8
OneMax;10;24;RLS;1;87;0;14
OneMax;10;24;RLS;1;88;0;15
OneMax;10;24;RLS;1;89;0;14
OneMax;10;24;RLS;1;90;0;10
OneMax;10;24;RLS;1;91;1;25
OneMax;10;24;RLS;1;92;0;10
OneMax;10;24;RLS;1;93;0;21
OneMax;10;24;RLS;1;94;0;24
OneMax;10;24;RLS;1;95;1;25
OneMax;10;24;RLS;1;96;0;22
OneMax;10;24;RLS;1;97;2;25
OneMax;10;24;RLS;1;98;0;20
OneMax;10;24;RLS;1;99;1;25
OneMax;10;47;RLS;1;0;1;48
OneMax;10;47;RLS;1;1;0;34
OneMax;10;47;RLS;1;2;0;12
OneMax;10;47;RLS;1;3;0;37
OneMax;10;47;RLS;1;4;0;30
OneMax;10;47;RLS;1;5;0;14
OneMax;10;47;RLS;1;6;0;17
OneMax;10;47;RLS;1;7;0;10
OneMax;10;47;RLS;1;8;1;48
OneMax;10;47;RLS;1;9;0;10
OneMax;10;47;RLS;1;10;0;15
OneMax;10;47;RLS;1;11;0;41
OneMax;10;47;RLS;1;12;0;38
OneMax;10;47;RLS;1;13;0;31
OneMax;10;47;RLS;1;14;0;35
OneMax;10;47;RLS;1;15;0;15
OneMax;10;47;RLS;1;16;0;14
OneMax;10;47;RLS;1;17;0;17
OneMax;10;47;RLS;1;18;0;18
OneMax;10;47;RLS;1;19;0;43
OneMax;10;47;RLS;1;20;0;28
OneMax;10;47;RLS;1;21;0;11
OneMax;10;47;RLS;1;22;0;33
OneMax;10;47;RLS;1;23;0;38
OneMax;10;47;RLS;1;24;0;12
OneMax;10;47;RLS;1;25;0;26
OneMax;10;47;RLS;1;26;0;13
OneMax;10;47;RLS;1;27;0;32
OneMax;10;47;RLS;1;28;0;25
OneMax;10;47;RLS;1;29;0;13
OneMax;10;47;RLS;1;30;0;13
OneMax;10;47;RLS;1;31;0;28
OneMax;10;47;RLS;1;32;0;21
OneMax;10;47;RLS;1;33;0;41
OneMax;10;47;RLS;1;34;0;12
OneMax;10;47;RLS;1;35;0;17
OneMax;10;47;RLS;1;36;0;32
OneMax;10;47;RLS;1;37;0;10
OneMax;10;47;RLS;1;38;0;26
OneMax;10;47;RLS;1;39;0;16
OneMax;10;47;RLS;1;40;0;18
OneMax;10;47;RLS;1;41;0;20
OneMax;10;47;RLS;1;42;0;13
OneMax;10;47;RLS;1;43;0;25
OneMax;10;47;RLS;1;44;0;27
OneMax;10;47;RLS;1;45;0;34
OneMax;10;47;RLS;1;46;0;14
OneMax;10;47;RLS;1;47;0;21
OneMax;10;47;RLS;1;48;0;20
OneMax;10;47;RLS;1;49;0;16
OneMax;10;47;RLS;1;50;0;30
OneMax;10;47;RLS;1;51;0;13
OneMax;10;47;RLS;1;52;0;22
OneMax;10;47;RLS;1;53;0;28
OneMax;10;47;RLS;1;54;0;10
OneMax;10;47;RLS;1;55;0;11
OneMax;10;47;RLS;1;56;0;19
OneMax;10;47;RLS;1;57;0;10
OneMax;10;47;RLS;1;58;0;14
OneMax;10;47;RLS;1;59;0;20
OneMax;10;47;RLS;1;60;0;10
OneMax;10;47;RLS;1;61;0;32
OneMax;10;47;RLS;1;62;0;14
OneMax;10;47;RLS;1;63;0;27
OneMax;10;47;RLS;1;64;0;40
OneMax;10;47;RLS;1;65;0;20
OneMax;10;47;RLS;1;66;0;16
OneMax;10;47;RLS;1;67;0;19
OneMax;10;47;RLS;1;68;0;28
OneMax;10;47;RLS;1;69;0;18
OneMax;10;47;RLS;1;70;0;17
OneMax;10;47;RLS;1;71;0;27
OneMax;10;47;RLS;1;72;0;25
OneMax;10;47;RLS;1;73;0;21
OneMax;10;47;RLS;1;74;0;26
OneMax;10;47;RLS;1;75;0;34
OneMax;10;47;RLS;1;76;0;10
OneMax;10;47;RLS;1;77;0;6
OneMax;10;47;RLS;1;78;0;21
OneMax;10;47;RLS;1;79;0;11
OneMax;10;47;RLS;1;80;0;35
OneMax;10;47;RLS;1;81;0;32
OneMax;10;47;RLS;1;82;0;20
OneMax;10;47;RLS;1;83;0;17
OneMax;10;47;RLS;1;84;0;10
OneMax;10;47;RLS;1;85;0;18
OneMax;10;47;RLS;1;86;0;33
OneMax;10;47;RLS;1;87;0;7
OneMax;10;47;RLS;1;88;0;44
OneMax;10;47;RLS;1;89;0;9
OneMax;10;47;RLS;1;90;0;19
OneMax;10;47;RLS;1;91;0;21
OneMax;10;47;RLS;1;92;0;16
OneMax;10;47;RLS;1;93;0;3
OneMax;10;47;RLS;1;94;0;19
OneMax;10;47;RLS;1;95;0;26
OneMax;10;47;RLS;1;96;0;11
OneMax;10;47;RLS;1;97;0;11
OneMax;10;47;RLS;1;98;0;15
OneMax;10;47;RLS;1;99;0;13
OneMax;10;24;RLS;2;0;2;25
OneMax;10;24;RLS;2;1;2;25
OneMax;10;24;RLS;2;2;1;25
OneMax;10;24;RLS;2;3;0;10
OneMax;10;24;RLS;2;4;1;25
OneMax;10;24;RLS;2;5;2;25
OneMax;10;24;RLS;2;6;1;25
OneMax;10;24;RLS;2;7;2;25
OneMax;10;24;RLS;2;8;1;25
OneMax;10;24;RLS;2;9;0;16
OneMax;10;24;RLS;2;10;1;25
OneMax;10;24;RLS;2;11;3;25
OneMax;10;24;RLS;2;12;3;25
OneMax;10;24;RLS;2;13;2;25
OneMax;10;24;RLS;2;14;3;25
OneMax;10;24;RLS;2;15;1;25
OneMax;10;24;RLS;2;16;1;25
OneMax;10;24;RLS;2;17;3;25
OneMax;10;24;RLS;2;18;3;25
OneMax;10;24;RLS;2;19;1;25
OneMax;10;24;RLS;2;20;1;25
OneMax;10;24;RLS;2;21;0;2
OneMax;10;24;RLS;2;22;1;25
OneMax;10;24;RLS;2;23;0;19
OneMax;10;24;RLS;2;24;2;25
OneMax;10;24;RLS;2;25;1;25
OneMax;10;24;RLS;2;26;3;25
OneMax;10;24;RLS;2;27;0;8
OneMax;10;24;RLS;2;28;0;19
OneMax;10;24;RLS;2;29;1;25
OneMax;10;24;RLS;2;30;2;25
OneMax;10;24;RLS;2;31;1;25
OneMax;10;24;RLS;2;32;2;25
OneMax;10;24;RLS;2;33;1;25
OneMax;10;24;RLS;2;34;0;7
OneMax;10;24;RLS;2;35;2;25
OneMax;10;24;RLS;2;36;0;2
OneMax;10;24;RLS;2;37;0;20
OneMax;10;24;RLS;2;38;1;25
OneMax;10;24;RLS;2;39;1;25
OneMax;10;24;RLS;2;40;2;25
OneMax;10;24;RLS;2;41;1;25
OneMax;10;24;RLS;2;42;2;25
OneMax;10;24;RLS;2;43;2;25
OneMax;10;24;RLS;2;44;1;25
OneMax;10;24;RLS;2;45;1;25
OneMax;10;24;RLS;2;46;2;25
OneMax;10;24;RLS;2;47;1;25
OneMax;10;24;RLS;2;48;0;15
OneMax;10;24;RLS;2;49;1;25
OneMax;10;24;RLS;2;50;2;25
OneMax;10;24;RLS;2;51;1;25
OneMax;10;24;RLS;2;52;2;25
OneMax;10;24;RLS;2;53;1;25
OneMax;10;24;RLS;2;54;4;25
OneMax;10;24;RLS;2;55;2;25
OneMax;10;24;RLS;2;56;3;25
OneMax;10;24;RLS;2;57;2;25
OneMax;10;24;RLS;2;58;1;25
OneMax;10;24;RLS;2;59;4;25
OneMax;10;24;RLS;2;60;1;25
OneMax;10;24;RLS;2;61;0;11
OneMax;10;24;RLS;2;62;4;25
OneMax;10;24;RLS;2;63;1;25
OneMax;10;24;RLS;2;64;1;25
OneMax;10;24;RLS;2;65;3;25
OneMax;10;24;RLS;2;66;3;25
OneMax;10;24;RLS;2;67;0;13
OneMax;10;24;RLS;2;68;1;25
OneMax;10;24;RLS;2;69;2;25
OneMax;10;24;RLS;2;70;1;25
OneMax;10;24;RLS;2;71;2;25
OneMax;10;24;RLS;2;72;2;25
OneMax;10;24;RLS;2;73;1;25
OneMax;10;24;RLS;2;74;4;25
OneMax;10;24;RLS;2;75;3;25
OneMax;10;24;RLS;2;76;0;22
OneMax;10;24;RLS;2;77;1;25
OneMax;10;24;RLS;2;78;3;25
OneMax;10;24;RLS;2;79;2;25
OneMax;10;24;RLS;2;80;2;25
OneMax;10;24;RLS;2;81;0;10
OneMax;10;24;RLS;2;82;1;25
OneMax;10;24;RLS;2;83;2;25
OneMax;10;24;RLS;2;84;1;25
OneMax;10;24;RLS;2;85;2;25
OneMax;10;24;RLS;2;86;3;25
OneMax;10;24;RLS;2;87;2;25
OneMax;10;24;RLS;2;88;4;25
OneMax;10;24;RLS;2;89;0;7
OneMax;10;24;RLS;2;90;2;25
OneMax;10;24;RLS;2;91;1;25
OneMax;10;24;RLS;2;92;2;25
OneMax;10;24;RLS;2;93;2;25
OneMax;10;24;RLS;2;94;2;25
OneMax;10;24;RLS;2;95;0;1
OneMax;10;24;RLS;2;96;0;20
OneMax;10;24;RLS;2;97;3;25
OneMax;10;24;RLS;2;98;2;25
OneMax;10;24;RLS;2;99;0;13
OneMax;10;47;RLS;2;0;2;48
OneMax;10;47;RLS;2;1;0;13
OneMax;10;47;RLS;2;2;1;48
OneMax;10;47;RLS;2;3;2;48
OneMax;10;47;RLS;2;4;1;48
OneMax;10;47;RLS;2;5;0;20
OneMax;10;47;RLS;2;6;2;48
OneMax;10;47;RLS;2;7;2;48
OneMax;10;47;RLS;2;8;1;48
OneMax;10;47;RLS;2;9;1;48
OneMax;10;47;RLS;2;10;1;48
OneMax;10;47;RLS;2;11;2;48
OneMax;10;47;RLS;2;12;3;48
OneMax;10;47;RLS;2;13;0;11
OneMax;10;47;RLS;2;14;1;48
OneMax;10;47;RLS;2;15;1;48
OneMax;10;47;RLS;2;16;1;48
OneMax;10;47;RLS;2;17;2;48
OneMax;10;47;RLS;2;18;1;48
OneMax;10;47;RLS;2;19;2;48
OneMax;10;47;RLS;2;20;1;48
OneMax;10;47;RLS;2;21;0;15
OneMax;10;47;RLS;2;22;0;29
OneMax;10;47;RLS;2;23;1;48
OneMax;10;47;RLS;2;24;1;48
OneMax;10;47;RLS;2;25;1;48
OneMax;10;47;RLS;2;26;2;48
OneMax;10;47;RLS;2;27;1;48
OneMax;10;47;RLS;2;28;1;48
OneMax;10;47;RLS;2;29;3;48
OneMax;10;47;RLS;2;30;0;20
OneMax;10;47;RLS;2;31;1;48
OneMax;10;47;RLS;2;32;1;48
OneMax;10;47;RLS;2;33;2;48
OneMax;10;47;RLS;2;34;1;48
OneMax;10;47;RLS;2;35;2;48
OneMax;10;47;RLS;2;36;1;48
OneMax;10;47;RLS;2;37;1;48
OneMax;10;47;RLS;2;38;0;18
OneMax;10;47;RLS;2;39;2;48
OneMax;10;47;RLS;2;40;2;48
OneMax;10;47;RLS;2;41;0;21
OneMax;10;47;RLS;2;42;1;48
OneMax;10;47;RLS;2;43;1;48
OneMax;10;47;RLS;2;44;0;7
OneMax;10;47;RLS;2;45;0;34
OneMax;10;47;RLS;2;46;1;48
OneMax;10;47;RLS;2;47;1;48
OneMax;10;47;RLS;2;48;0;17
OneMax;10;47;RLS;2;49;1;48
OneMax;10;47;RLS;2;50;0;9
OneMax;10;47;RLS;2;51;0;17
OneMax;10;47;RLS;2;52;1;48
OneMax;10;47;RLS;2;53;1;48
OneMax;10;47;RLS;2;54;1;48
OneMax;10;47;RLS;2;55;1;48
OneMax;10;47;RLS;2;56;0;18
OneMax;10;47;RLS;2;57;0;42
OneMax;10;47;RLS;2;58;0;33
OneMax;10;47;RLS;2;59;2;48
OneMax;10;47;RLS;2;60;1;48
OneMax;10;47;RLS;2;61;3;48
OneMax;10;47;RLS;2;62;0;47
OneMax;10;47;RLS;2;63;2;48
OneMax;10;47;RLS;2;64;1;48
OneMax;10;47;RLS;2;65;0;39
OneMax;10;47;RLS;2;66;0;4
OneMax;10;47;RLS;2;67;3;48
OneMax;10;47;RLS;2;68;0;12
OneMax;10;47;RLS;2;69;0;43
OneMax;10;47;RLS;2;70;0;35
OneMax;10;47;RLS;2;71;2;48
OneMax;10;47;RLS;2;72;2;48
OneMax;10;47;RLS;2;73;0;13
OneMax;10;47;RLS;2;74;2;48
OneMax;10;47;RLS;2;75;1;48
OneMax;10;47;RLS;2;76;0;36
OneMax;10;47;RLS;2;77;0;17
OneMax;10;47;RLS;2;78;2;48
OneMax;10;47;RLS;2;79;1;48
OneMax;10;47;RLS;2;80;1;48
OneMax;10;47;RLS;2;81;0;14
OneMax;10;47;RLS;2;82;2;48
OneMax;10;47;RLS;2;83;0;25
OneMax;10;47;RLS;2;84;2;48
OneMax;10;47;RLS;2;85;0;6
OneMax;10;47;RLS;2;86;2;48
OneMax;10;47;RLS;2;87;1;48
OneMax;10;47;RLS;2;88;1;48
OneMax;10;47;RLS;2;89;3;48
OneMax;10;47;RLS;2;90;2;48
OneMax;10;47;RLS;2;91;1;48
OneMax;10;47;RLS;2;92;1;48
OneMax;10;47;RLS;2;93;4;48
OneMax;10;47;RLS;2;94;0;28
OneMax;10;47;RLS;2;95;0;33
OneMax;10;47;RLS;2;96;1;48
OneMax;10;47;RLS;2;97;0;39
OneMax;10;47;RLS;2;98;1;48
OneMax;10;47;RLS;2;99;1;48
OneMax;20;60;RLS;1;0;0;55
OneMax;20;60;RLS;1;1;1;61
OneMax;20;60;RLS;1;2;1;61
OneMax;20;60;RLS;1;3;0;33
OneMax;20;60;RLS;1;4;0;44
OneMax;20;60;RLS;1;5;0;50
OneMax;20;60;RLS;1;6;0;33
OneMax;20;60;RLS;1;7;0;39
OneMax;20;60;RLS;1;8;0;49
OneMax;20;60;RLS;1;9;1;61
OneMax;20;60;RLS;1;10;2;61
OneMax;20;60;RLS;1;11;0;50
OneMax;20;60;RLS;1;12;0;32
OneMax;20;60;RLS;1;13;1;61
OneMax;20;60;RLS;1;14;0;54
OneMax;20;60;RLS;1;15;1;61
OneMax;20;60;RLS;1;16;0;31
OneMax;20;60;RLS;1;17;0;43
OneMax;20;60;RLS;1;18;0;46
OneMax;20;60;RLS;1;19;1;61
OneMax;20;60;RLS;1;20;0;58
OneMax;20;60;RLS;1;21;1;61
OneMax;20;60;RLS;1;22;0;20
OneMax;20;60;RLS;1;23;0;32
OneMax;20;60;RLS;1;24;1;61
OneMax;20;60;RLS;1;25;0;56
OneMax;20;60;RLS;1;26;1;61
OneMax;20;60;RLS;1;27;2;61
OneMax;20;60;RLS;1;28;0;44
OneMax;20;60;RLS;1;29;0;54
OneMax;20;60;RLS;1;30;1;61
OneMax;20;60;RLS;1;31;0;34
OneMax;20;60;RLS;1;32;0;35
OneMax;20;60;RLS;1;33;0;36
OneMax;20;60;RLS;1;34;1;61
OneMax;20;60;RLS;1;35;0;43
OneMax;20;60;RLS;1;36;1;61
OneMax;20;60;RLS;1;37;0;41
OneMax;20;60;RLS;1;38;1;61
OneMax;20;60;RLS;1;39;0;49
OneMax;20;60;RLS;1;40;0;38
OneMax;20;60;RLS;1;41;0;60
OneMax;20;60;RLS;1;42;1;61
OneMax;20;60;RLS;1;43;0;38
OneMax;20;60;RLS;1;44;0;34
OneMax;20;60;RLS;1;45;0;60
OneMax;20;60;RLS;1;46;0;40
OneMax;20;60;RLS;1;47;1;61
OneMax;20;60;RLS;1;48;0;49
OneMax;20;60;RLS;1;49;0;34
OneMax;20;60;RLS;1;50;0;42
OneMax;20;60;RLS;1;51;0;47
OneMax;20;60;RLS;1;52;0;59
OneMax;20;60;RLS;1;53;0;39
OneMax;20;60;RLS;1;54;1;61
OneMax;20;60;RLS;1;55;1;61
OneMax;20;60;RLS;1;56;0;38
OneMax;20;60;RLS;1;57;1;61
OneMax;20;60;RLS;1;58;2;61
OneMax;20;60;RLS;1;59;1;61
OneMax;20;60;RLS;1;60;1;61
OneMax;20;60;RLS;1;61;1;61
OneMax;20;60;RLS;1;62;0;35
OneMax;20;60;RLS;1;63;0;47
OneMax;20;60;RLS;1;64;1;61
OneMax;20;60;RLS;1;65;0;53
OneMax;20;60;RLS;1;66;0;52
OneMax;20;60;RLS;1;67;0;41
OneMax;20;60;RLS;1;68;0;41
OneMax;20;60;RLS;1;69;0;46
OneMax;20;60;RLS;1;70;0;41
OneMax;20;60;RLS;1;71;2;61
OneMax;20;60;RLS;1;72;0;41
OneMax;20;60;RLS;1;73;0;39
OneMax;20;60;RLS;1;74;0;55
OneMax;20;60;RLS;1;75;0;44
OneMax;20;60;RLS;1;76;0;42
OneMax;20;60;RLS;1;77;1;61
OneMax;20;60;RLS;1;78;0;45
OneMax;20;60;RLS;1;79;0;56
OneMax;20;60;RLS;1;80;1;61
OneMax;20;60;RLS;1;81;0;51
OneMax;20;60;RLS;1;82;1;61
OneMax;20;60;RLS;1;83;1;61
OneMax;20;60;RLS;1;84;1;61
OneMax;20;60;RLS;1;85;0;47
OneMax;20;60;RLS;1;86;1;61
OneMax;20;60;RLS;1;87;0;58
OneMax;20;60;RLS;1;88;0;58
OneMax;20;60;RLS;1;89;0;29
OneMax;20;60;RLS;1;90;1;61
OneMax;20;60;RLS;1;91;0;49
OneMax;20;60;RLS;1;92;0;59
OneMax;20;60;RLS;1;93;0;46
OneMax;20;60;RLS;1;94;0;50
OneMax;20;60;RLS;1;95;0;55
OneMax;20;60;RLS;1;96;1;61
OneMax;20;60;RLS;1;97;1;61
OneMax;20;60;RLS;1;98;0;56
OneMax;20;60;RLS;1;99;1;61
OneMax;20;120;RLS;1;0;0;27
OneMax;20;120;RLS;1;1;0;62
OneMax;20;120;RLS;1;2;0;36
OneMax;20;120;RLS;1;3;0;84
OneMax;20;120;RLS;1;4;0;61
OneMax;20;120;RLS;1;5;0;70
OneMax;20;120;RLS;1;6;0;60
OneMax;20;120;RLS;1;7;0;108
OneMax;20;120;RLS;1;8;0;39
OneMax;20;120;RLS;1;9;0;31
OneMax;20;120;RLS;1;10;0;35
OneMax;20;120;RLS;1;11;0;43
OneMax;20;120;RLS;1;12;0;104
OneMax;20;120;RLS;1;13;0;81
OneMax;20;120;RLS;1;14;0;47
OneMax;20;120;RLS;1;15;0;43
OneMax;20;120;RLS;1;16;0;51
OneMax;20;120;RLS;1;17;0;38
OneMax;20;120;RLS;1;18;0;51
OneMax;20;120;RLS;1;19;0;57
OneMax;20;120;RLS;1;20;0;72
OneMax;20;120;RLS;1;21;0;118
OneMax;20;120;RLS;1;22;0;31
OneMax;20;120;RLS;1;23;0;62
OneMax;20;120;RLS;1;24;0;57
OneMax;20;120;RLS;1;25;0;38
OneMax;20;120;RLS;1;26;0;70
OneMax;20;120;RLS;1;27;0;66
OneMax;20;120;RLS;1;28;0;37
OneMax;20;120;RLS;1;29;0;75
OneMax;20;120;RLS;1;30;0;49
OneMax;20;120;RLS;1;31;0;57
OneMax;20;120;RLS;1;32;0;40
OneMax;20;120;RLS;1;33;0;85
OneMax;20;120;RLS;1;34;0;55
OneMax;20;120;RLS;1;35;0;61
OneMax;20;120;RLS;1;36;0;71
OneMax;20;120;RLS;1;37;0;76
OneMax;20;120;RLS;1;38;0;27
OneMax;20;120;RLS;1;39;0;42
OneMax;20;120;RLS;1;40;0;55
OneMax;20;120;RLS;1;41;1;121
OneMax;20;120;RLS;1;42;0;80
OneMax;20;120;RLS;1;43;0;48
OneMax;20;120;RLS;1;44;0;29
OneMax;20;120;RLS;1;45;0;49
OneMax;20;120;RLS;1;46;0;75
OneMax;20;120;RLS;1;47;0;29
OneMax;20;120;RLS;1;48;0;67
OneMax;20;120;RLS;1;49;0;45
OneMax;20;120;RLS;1;50;0;68
OneMax;20;120;RLS;1;51;0;84
OneMax;20;120;RLS;1;52;0;98
OneMax;20;120;RLS;1;53;0;33
OneMax;20;120;RLS;1;54;0;44
OneMax;20;120;RLS;1;55;0;48
OneMax;20;120;RLS;1;56;0;47
OneMax;20;120;RLS;1;57;0;49
OneMax;20;120;RLS;1;58;0;75
OneMax;20;120;RLS;1;59;0;76
OneMax;20;120;RLS;1;60;0;58
OneMax;20;120;RLS;1;61;0;45
OneMax;20;120;RLS;1;62;0;56
OneMax;20;120;RLS;1;63;0;33
OneMax;20;120;RLS;1;64;0;32
OneMax;20;120;RLS;1;65;0;64
OneMax;20;120;RLS;1;66;0;21
OneMax;20;120;RLS;1;67;0;41
OneMax;20;120;RLS;1;68;0;47
OneMax;20;120;RLS;1;69;0;63
OneMax;20;120;RLS;1;70;0;51
OneMax;20;120;RLS;1;71;0;78
OneMax;20;120;RLS;1;72;0;75
OneMax;20;120;RLS;1;73;0;109
OneMax;20;120;RLS;1;74;0;45
OneMax;20;120;RLS;1;75;0;110
OneMax;20;120;RLS;1;76;0;54
OneMax;20;120;RLS;1;77;0;61
OneMax;20;120;RLS;1;78;0;51
OneMax;20;120;RLS;1;79;0;42
OneMax;20;120;RLS;1;80;0;40
OneMax;20;120;RLS;1;81;0;46
OneMax;20;120;RLS;1;82;0;93
OneMax;20;120;RLS;1;83;0;74
OneMax;20;120;RLS;1;84;0;74
OneMax;20;120;RLS;1;85;0;66
OneMax;20;120;RLS;1;86;0;43
OneMax;20;120;RLS;1;87;0;116
OneMax;20;120;RLS;1;88;0;59
OneMax;20;120;RLS;1;89;0;42
OneMax;20;120;RLS;1;90;0;50
OneMax;20;120;RLS;1;91;0;46
OneMax;20;120;RLS;1;92;0;38
OneMax;20;120;RLS;1;93;0;22
OneMax;20;120;RLS;1;94;0;83
OneMax;20;120;RLS;1;95;0;39
OneMax;20;120;RLS;1;96;0;28
OneMax;20;120;RLS;1;97;0;37
OneMax;20;120;RLS;1;98;0;59
OneMax;20;120;RLS;1;99;0;34
OneMax;20;60;RLS;2;0;0;47
OneMax;20;60;RLS;2;1;2;61
OneMax;20;60;RLS;2;2;1;61
OneMax;20;60;RLS;2;3;4;61
OneMax;20;60;RLS;2;4;4;61
OneMax;20;60;RLS;2;5;2;61
OneMax;20;60;RLS;2;6;3;61
OneMax;20;60;RLS;2;7;2;61
OneMax;20;60;RLS;2;8;3;61
OneMax;20;60;RLS;2;9;2;61
OneMax;20;60;RLS;2;10;4;61
OneMax;20;60;RLS;2;11;3;61
OneMax;20;60;RLS;2;12;1;61
OneMax;20;60;RLS;2;13;1;61
OneMax;20;60;RLS;2;14;2;61
OneMax;20;60;RLS;2;15;3;61
OneMax;20;60;RLS;2;16;4;61
OneMax;20;60;RLS;2;17;3;61
OneMax;20;60;RLS;2;18;2;61
OneMax;20;60;RLS;2;19;2;61
OneMax;20;60;RLS;2;20;3;61
OneMax;20;60;RLS;2;21;2;61
OneMax;20;60;RLS;2;22;1;61
OneMax;20;60;RLS;2;23;3;61
OneMax;20;60;RLS;2;24;3;61
OneMax;20;60;RLS;2;25;3;61
OneMax;20;60;RLS;2;26;3;61
OneMax;20;60;RLS;2;27;3;61
OneMax;20;60;RLS;2;28;2;61
OneMax;20;60;RLS;2;29;2;61
OneMax;20;60;RLS;2;30;1;61
OneMax;20;60;RLS;2;31;3;61
OneMax;20;60;RLS;2;32;1;61
OneMax;20;60;RLS;2;33;3;61
OneMax;20;60;RLS;2;34;3;61
OneMax;20;60;RLS;2;35;2;61
OneMax;20;60;RLS;2;36;2;61
OneMax;20;60;RLS;2;37;2;61
OneMax;20;60;RLS;2;38;4;61
OneMax;20;60;RLS;2;39;2;61
OneMax;20;60;RLS;2;40;1;61
OneMax;20;60;RLS;2;41;0;40
OneMax;20;60;RLS;2;42;4;61
OneMax;20;60;RLS;2;43;1;61
OneMax;20;60;RLS;2;44;3;61
OneMax;20;60;RLS;2;45;6;61
OneMax;20;60;RLS;2;46;2;61
OneMax;20;60;RLS;2;47;2;61
OneMax;20;60;RLS;2;48;3;61
OneMax;20;60;RLS;2;49;4;61
OneMax;20;60;RLS;2;50;3;61
OneMax;20;60;RLS;2;51;3;61
OneMax;20;60;RLS;2;52;5;61
OneMax;20;60;RLS;2;53;2;61
OneMax;20;60;RLS;2;54;2;61
OneMax;20;60;RLS;2;55;3;61
OneMax;20;60;RLS;2;56;4;61
OneMax;20;60;RLS;2;57;2;61
OneMax;20;60;RLS;2;58;3;61
OneMax;20;60;RLS;2;59;2;61
OneMax;20;60;RLS;2;60;1;61
OneMax;20;60;RLS;2;61;3;61
OneMax;20;60;RLS;2;62;2;61
OneMax;20;60;RLS;2;63;2;61
OneMax;20;60;RLS;2;64;2;61
OneMax;20;60;RLS;2;65;3;61
OneMax;20;60;RLS;2;66;2;61
OneMax;20;60;RLS;2;67;1;61
OneMax;20;60;RLS;2;68;2;61
OneMax;20;60;RLS;2;69;4;61
OneMax;20;60;RLS;2;70;2;61
OneMax;20;60;RLS;2;71;1;61
OneMax;20;60;RLS;2;72;2;61
OneMax;20;60;RLS;2;73;3;61
OneMax;20;60;RLS;2;74;0;50
OneMax;20;60;RLS;2;75;3;61
OneMax;20;60;RLS;2;76;1;61
OneMax;20;60;RLS;2;77;3;61
OneMax;20;60;RLS;2;78;2;61
OneMax;20;60;RLS;2;79;2;61
OneMax;20;60;RLS;2;80;2;61
OneMax;20;60;RLS;2;81;2;61
OneMax;20;60;RLS;2;82;2;61
OneMax;20;60;RLS;2;83;0;11
OneMax;20;60;RLS;2;84;3;61
OneMax;20;60;RLS;2;85;4;61
OneMax;20;60;RLS;2;86;1;61
OneMax;20;60;RLS;2;87;1;61
OneMax;20;60;RLS;2;88;3;61
OneMax;20;60;RLS;2;89;3;61
OneMax;20;60;RLS;2;90;0;48
OneMax;20;60;RLS;2;91;3;61
OneMax;20;60;RLS;2;92;5;61
OneMax;20;60;RLS;2;93;3;61
OneMax;20;60;RLS;2;94;2;61
OneMax;20;60;RLS;2;95;3;61
OneMax;20;60;RLS;2;96;3;61
OneMax;20;60;RLS;2;97;3;61
OneMax;20;60;RLS;2;98;5;61
OneMax;20;60;RLS;2;99;1;61
OneMax;20;120;RLS;2;0;2;121
OneMax;20;120;RLS;2;1;2;121
OneMax;20;120;RLS;2;2;1;121
OneMax;20;120;RLS;2;3;3;121
OneMax;20;120;RLS;2;4;2;121
OneMax;20;120;RLS;2;5;2;121
OneMax;20;120;RLS;2;6;3;121
OneMax;20;120;RLS;2;7;2;121
OneMax;20;120;RLS;2;8;0;20
OneMax;20;120;RLS;2;9;1;121
OneMax;20;120;RLS;2;10;2;121
OneMax;20;120;RLS;2;11;1;121
OneMax;20;120;RLS;2;12;1;121
OneMax;20;120;RLS;2;13;1;121
OneMax;20;120;RLS;2;14;0;47
OneMax;20;120;RLS;2;15;2;121
OneMax;20;120;RLS;2;16;1;121
OneMax;20;120;RLS;2;17;1;121
OneMax;20;120;RLS;2;18;3;121
OneMax;20;120;RLS;2;19;1;121
OneMax;20;120;RLS;2;20;3;121
OneMax;20;120;RLS;2;21;1;121
OneMax;20;120;RLS;2;22;1;121
OneMax;20;120;RLS;2;23;3;121
OneMax;20;120;RLS;2;24;1;121
OneMax;20;120;RLS;2;25;2;121
OneMax;20;120;RLS;2;26;3;121
OneMax;20;120;RLS;2;27;2;121
OneMax;20;120;RLS;2;28;1;121
OneMax;20;120;RLS;2;29;2;121
OneMax;20;120;RLS;2;30;0;56
OneMax;20;120;RLS;2;31;1;121
OneMax;20;120;RLS;2;32;1;121
OneMax;20;120;RLS;2;33;3;121
OneMax;20;120;RLS;2;34;2;121
OneMax;20;120;RLS;2;35;2;121
OneMax;20;120;RLS;2;36;1;121
OneMax;20;120;RLS;2;37;1;121
OneMax;20;120;RLS;2;38;3;121
OneMax;20;120;RLS;2;39;1;121
OneMax;20;120;RLS;2;40;1;121
OneMax;20;120;RLS;2;41;3;121
OneMax;20;120;RLS;2;42;0;79
OneMax;20;120;RLS;2;43;0;86
OneMax;20;120;RLS;2;44;2;121
OneMax;20;120;RLS;2;45;1;121
OneMax;20;120;RLS;2;46;0;94
OneMax;20;120;RLS;2;47;3;121
OneMax;20;120;RLS;2;48;2;121
OneMax;20;120;RLS;2;49;1;121
OneMax;20;120;RLS;2;50;1;121
OneMax;20;120;RLS;2;51;2;121
OneMax;20;120;RLS;2;52;2;121
OneMax;20;120;RLS;2;53;3;121
OneMax;20;120;RLS;2;54;3;121
OneMax;20;120;RLS;2;55;0;94
OneMax;20;120;RLS;2;56;1;121
OneMax;20;120;RLS;2;57;2;121
OneMax;20;120;RLS;2;58;2;121
OneMax;20;120;RLS;2;59;2;121
OneMax;20;120;RLS;2;60;1;121
OneMax;20;120;RLS;2;61;2;121
OneMax;20;120;RLS;2;62;0;79
OneMax;20;120;RLS;2;63;1;121
OneMax;20;120;RLS;2;64;0;111
OneMax;20;120;RLS;2;65;2;121
OneMax;20;120;RLS;2;66;1;121
OneMax;20;120;RLS;2;67;1;121
OneMax;20;120;RLS;2;68;1;121
OneMax;20;120;RLS;2;69;2;121
OneMax;20;120;RLS;2;70;1;121
OneMax;20;120;RLS;2;71;3;121
OneMax;20;120;RLS;2;72;2;121
OneMax;20;120;RLS;2;73;0;104
OneMax;20;120;RLS;2;74;1;121
OneMax;20;120;RLS;2;75;1;121
OneMax;20;120;RLS;2;76;2;121
OneMax;20;120;RLS;2;77;1;121
OneMax;20;120;RLS;2;78;0;60
OneMax;20;120;RLS;2;79;1;121
OneMax;20;120;RLS;2;80;1;121
OneMax;20;120;RLS;2;81;2;121
OneMax;20;120;RLS;2;82;0;60
OneMax;20;120;RLS;2;83;1;121
OneMax;20;120;RLS;2;84;2;121
OneMax;20;120;RLS;2;85;1;121
OneMax;20;120;RLS;2;86;2;121
OneMax;20;120;RLS;2;87;2;121
OneMax;20;120;RLS;2;88;2;121
OneMax;20;120;RLS;2;89;1;121
OneMax;20;120;RLS;2;90;2;121
OneMax;20;120;RLS;2;91;3;121
OneMax;20;120;RLS;2;92;2;121
OneMax;20;120;RLS;2;93;2;121
OneMax;20;120;RLS;2;94;3;121
OneMax;20;120;RLS;2;95;1;121
OneMax;20;120;RLS;2;96;3;121
OneMax;20;120;RLS;2;97;3;121
OneMax;20;120;RLS;2;98;2;121
OneMax;20;120;RLS;2;99;2;121
OneMax;50;196;RLS;1;0;0;134
OneMax;50;196;RLS;1;1;1;197
OneMax;50;196;RLS;1;2;0;193
OneMax;50;196;RLS;1;3;0;182
OneMax;50;196;RLS;1;4;0;166
OneMax;50;196;RLS;1;5;0;174
OneMax;50;196;RLS;1;6;0;128
OneMax;50;196;RLS;1;7;0;159
OneMax;50;196;RLS;1;8;0;143
OneMax;50;196;RLS;1;9;0;147
OneMax;50;196;RLS;1;10;2;197
OneMax;50;196;RLS;1;11;0;122
OneMax;50;196;RLS;1;12;1;197
OneMax;50;196;RLS;1;13;2;197
OneMax;50;196;RLS;1;14;0;132
OneMax;50;196;RLS;1;15;0;173
OneMax;50;196;RLS;1;16;0;116
OneMax;50;196;RLS;1;17;1;197
OneMax;50;196;RLS;1;18;1;197
OneMax;50;196;RLS;1;19;0;94
OneMax;50;196;RLS;1;20;0;140
OneMax;50;196;RLS;1;21;1;197
OneMax;50;196;RLS;1;22;1;197
OneMax;50;196;RLS;1;23;0;151
OneMax;50;196;RLS;1;24;0;152
OneMax;50;196;RLS;1;25;0;106
OneMax;50;196;RLS;1;26;0;174
OneMax;50;196;RLS;1;27;2;197
OneMax;50;196;RLS;1;28;1;197
OneMax;50;196;RLS;1;29;1;197
OneMax;50;196;RLS;1;30;0;185
OneMax;50;196;RLS;1;31;0;186
OneMax;50;196;RLS;1;32;0;152
OneMax;50;196;RLS;1;33;0;96
OneMax;50;196;RLS;1;34;1;197
OneMax;50;196;RLS;1;35;0;167
OneMax;50;196;RLS;1;36;0;148
OneMax;50;196;RLS;1;37;1;197
OneMax;50;196;RLS;1;38;0;170
OneMax;50;196;RLS;1;39;0;192
OneMax;50;196;RLS;1;40;0;122
OneMax;50;196;RLS;1;41;0;147
OneMax;50;196;RLS;1;42;0;147
OneMax;50;196;RLS;1;43;0;185
OneMax;50;196;RLS;1;44;0;114
OneMax;50;196;RLS;1;45;0;150
OneMax;50;196;RLS;1;46;0;148
OneMax;50;196;RLS;1;47;2;197
OneMax;50;196;RLS;1;48;0;139
OneMax;50;196;RLS;1;49;2;197
OneMax;50;196;RLS;1;50;1;197
OneMax;50;196;RLS;1;51;0;184
OneMax;50;196;RLS;1;52;0;169
OneMax;50;196;RLS;1;53;0;180
OneMax;50;196;RLS;1;54;1;197
OneMax;50;196;RLS;1;55;0;180
OneMax;50;196;RLS;1;56;1;197
OneMax;50;196;RLS;1;57;0;152
OneMax;50;196;RLS;1;58;0;160
OneMax;50;196;RLS;1;59;1;197
OneMax;50;196;RLS;1;60;0;153
OneMax;50;196;RLS;1;61;1;197
OneMax;50;196;RLS;1;62;2;197
OneMax;50;196;RLS;1;63;0;178
OneMax;50;196;RLS;1;64;1;197
OneMax;50;196;RLS;1;65;0;178
OneMax;50;196;RLS;1;66;0;118
OneMax;50;196;RLS;1;67;2;197
OneMax;50;196;RLS;1;68;0;188
OneMax;50;196;RLS;1;69;1;197
OneMax;50;196;RLS;1;70;0;145
OneMax;50;196;RLS;1;71;0;165
OneMax;50;196;RLS;1;72;0;143
OneMax;50;196;RLS;1;73;1;197
OneMax;50;196;RLS;1;74;1;197
OneMax;50;196;RLS;1;75;1;197
OneMax;50;196;RLS;1;76;1;197
OneMax;50;196;RLS;1;77;0;115
OneMax;50;196;RLS;1;78;0;154
OneMax;50;196;RLS;1;79;1;197
OneMax;50;196;RLS;1;80;0;106
OneMax;50;196;RLS;1;81;0;143
OneMax;50;196;RLS;1;82;0;99
OneMax;50;196;RLS;1;83;0;178
OneMax;50;196;RLS;1;84;0;194
OneMax;50;196;RLS;1;85;0;134
OneMax;50;196;RLS;1;86;2;197
OneMax;50;196;RLS;1;87;0;176
OneMax;50;196;RLS;1;88;0;134
OneMax;50;196;RLS;1;89;0;193
OneMax;50;196;RLS;1;90;1;197
OneMax;50;196;RLS;1;91;0;114
OneMax;50;196;RLS;1;92;1;197
OneMax;50;196;RLS;1;93;0;155
OneMax;50;196;RLS;1;94;0;129
OneMax;50;196;RLS;1;95;0;119
OneMax;50;196;RLS;1;96;1;197
OneMax;50;196;RLS;1;97;1;197
OneMax;50;196;RLS;1;98;0;159
OneMax;50;196;RLS;1;99;1;197
OneMax;50;392;RLS;1;0;0;217
OneMax;50;392;RLS;1;1;0;223
OneMax;50;392;RLS;1;2;0;255
OneMax;50;392;RLS;1;3;0;208
OneMax;50;392;RLS;1;4;0;135
OneMax;50;392;RLS;1;5;0;378
OneMax;50;392;RLS;1;6;0;245
OneMax;50;392;RLS;1;7;0;244
OneMax;50;392;RLS;1;8;0;170
OneMax;50;392;RLS;1;9;0;210
OneMax;50;392;RLS;1;10;0;152
OneMax;50;392;RLS;1;11;0;112
OneMax;50;392;RLS;1;12;0;139
OneMax;50;392;RLS;1;13;0;165
OneMax;50;392;RLS;1;14;0;224
OneMax;50;392;RLS;1;15;0;142
OneMax;50;392;RLS;1;16;0;110
OneMax;50;392;RLS;1;17;0;150
OneMax;50;392;RLS;1;18;0;372
OneMax;50;392;RLS;1;19;0;218
OneMax;50;392;RLS;1;20;0;97
OneMax;50;392;RLS;1;21;0;240
OneMax;50;392;RLS;1;22;0;148
OneMax;50;392;RLS;1;23;0;175
OneMax;50;392;RLS;1;24;0;168
OneMax;50;392;RLS;1;25;0;330
OneMax;50;392;RLS;1;26;0;218
OneMax;50;392;RLS;1;27;0;108
OneMax;50;392;RLS;1;28;0;214
OneMax;50;392;RLS;1;29;0;122
OneMax;50;392;RLS;1;30;0;310
OneMax;50;392;RLS;1;31;0;197
OneMax;50;392;RLS;1;32;0;152
OneMax;50;392;RLS;1;33;0;127
OneMax;50;392;RLS;1;34;0;106
OneMax;50;392;RLS;1;35;0;131
OneMax;50;392;RLS;1;36;0;175
OneMax;50;392;RLS;1;37;0;190
OneMax;50;392;RLS;1;38;0;248
OneMax;50;392;RLS;1;39;0;183
OneMax;50;392;RLS;1;40;0;227
OneMax;50;392;RLS;1;41;0;355
OneMax;50;392;RLS;1;42;0;208
OneMax;50;392;RLS;1;43;0;188
OneMax;50;392;RLS;1;44;0;121
OneMax;50;392;RLS;1;45;0;123
OneMax;50;392;RLS;1;46;0;190
OneMax;50;392;RLS;1;47;0;224
OneMax;50;392;RLS;1;48;0;313
OneMax;50;392;RLS;1;49;1;393
OneMax;50;392;RLS;1;50;0;110
OneMax;50;392;RLS;1;51;0;342
OneMax;50;392;RLS;1;52;0;268
OneMax;50;392;RLS;1;53;0;201
OneMax;50;392;RLS;1;54;0;186
OneMax;50;392;RLS;1;55;0;215
OneMax;50;392;RLS;1;56;0;177
OneMax;50;392;RLS;1;57;0;236
OneMax;50;392;RLS;1;58;0;177
OneMax;50;392;RLS;1;59;0;177
OneMax;50;392;RLS;1;60;0;169
OneMax;50;392;RLS;1;61;0;276
OneMax;50;392;RLS;1;62;0;218
OneMax;50;392;RLS;1;63;0;160
OneMax;50;392;RLS;1;64;0;251
OneMax;50;392;RLS;1;65;0;180
OneMax;50;392;RLS;1;66;0;168
OneMax;50;392;RLS;1;67;0;162
OneMax;50;392;RLS;1;68;0;156
OneMax;50;392;RLS;1;69;0;175
OneMax;50;392;RLS;1;70;0;112
OneMax;50;392;RLS;1;71;0;153
OneMax;50;392;RLS;1;72;0;166
OneMax;50;392;RLS;1;73;0;185
OneMax;50;392;RLS;1;74;0;212
OneMax;50;392;RLS;1;75;0;252
OneMax;50;392;RLS;1;76;0;133
OneMax;50;392;RLS;1;77;0;127
OneMax;50;392;RLS;1;78;0;176
OneMax;50;392;RLS;1;79;0;253
OneMax;50;392;RLS;1;80;0;223
OneMax;50;392;RLS;1;81;0;232
OneMax;50;392;RLS;1;82;0;192
OneMax;50;392;RLS;1;83;0;118
OneMax;50;392;RLS;1;84;0;105
OneMax;50;392;RLS;1;85;0;249
OneMax;50;392;RLS;1;86;0;165
OneMax;50;392;RLS;1;87;0;216
OneMax;50;392;RLS;1;88;0;246
OneMax;50;392;RLS;1;89;0;169
OneMax;50;392;RLS;1;90;0;172
OneMax;50;392;RLS;1;91;0;217
OneMax;50;392;RLS;1;92;0;176
OneMax;50;392;RLS;1;93;0;103
OneMax;50;392;RLS;1;94;0;179
OneMax;50;392;RLS;1;95;0;129
OneMax;50;392;RLS;1;96;0;178
OneMax;50;392;RLS;1;97;0;307
OneMax;50;392;RLS;1;98;0;152
OneMax;50;392;RLS;1;99;0;165
OneMax;50;196;RLS;2;0;3;197
OneMax;50;196;RLS;2;1;5;197
OneMax;50;196;RLS;2;2;3;197
OneMax;50;196;RLS;2;3;5;197
OneMax;50;196;RLS;2;4;5;197
OneMax;50;196;RLS;2;5;2;197
OneMax;50;196;RLS;2;6;8;197
OneMax;50;196;RLS;2;7;2;197
OneMax;50;196;RLS;2;8;2;197
OneMax;50;196;RLS;2;9;5;197
OneMax;50;196;RLS;2;10;5;197
OneMax;50;196;RLS;2;11;6;197
OneMax;50;196;RLS;2;12;2;197
OneMax;50;196;RLS;2;13;4;197
OneMax;50;196;RLS;2;14;3;197
OneMax;50;196;RLS;2;15;8;197
OneMax;50;196;RLS;2;16;7;197
OneMax;50;196;RLS;2;17;4;197
OneMax;50;196;RLS;2;18;5;197
OneMax;50;196;RLS;2;19;3;197
OneMax;50;196;RLS;2;20;6;197
OneMax;50;196;RLS;2;21;4;197
OneMax;50;196;RLS;2;22;8;197
OneMax;50;196;RLS;2;23;3;197
OneMax;50;196;RLS;2;24;4;197
OneMax;50;196;RLS;2;25;5;197
OneMax;50;196;RLS;2;26;4;197
OneMax;50;196;RLS;2;27;3;197
OneMax;50;196;RLS;2;28;6;197
OneMax;50;196;RLS;2;29;6;197
OneMax;50;196;RLS;2;30;5;197
OneMax;50;196;RLS;2;31;4;197
OneMax;50;196;RLS;2;32;4;197
OneMax;50;196;RLS;2;33;2;197
OneMax;50;196;RLS;2;34;3;197
OneMax;50;196;RLS;2;35;7;197
OneMax;50;196;RLS;2;36;6;197
OneMax;50;196;RLS;2;37;5;197
OneMax;50;196;RLS;2;38;10;197
OneMax;50;196;RLS;2;39;5;197
OneMax;50;196;RLS;2;40;3;197
OneMax;50;196;RLS;2;41;4;197
OneMax;50;196;RLS;2;42;2;197
OneMax;50;196;RLS;2;43;5;197
OneMax;50;196;RLS;2;44;4;197
OneMax;50;196;RLS;2;45;8;197
OneMax;50;196;RLS;2;46;7;197
OneMax;50;196;RLS;2;47;9;197
OneMax;50;196;RLS;2;48;7;197
OneMax;50;196;RLS;2;49;6;197
OneMax;50;196;RLS;2;50;6;197
OneMax;50;196;RLS;2;51;4;197
OneMax;50;196;RLS;2;52;8;197
OneMax;50;196;RLS;2;53;6;197
OneMax;50;196;RLS;2;54;5;197
OneMax;50;196;RLS;2;55;4;197
OneMax;50;196;RLS;2;56;6;197
OneMax;50;196;RLS;2;57;5;197
OneMax;50;196;RLS;2;58;6;197
OneMax;50;196;RLS;2;59;4;197
OneMax;50;196;RLS;2;60;4;197
OneMax;50;196;RLS;2;61;5;197
OneMax;50;196;RLS;2;62;4;197
OneMax;50;196;RLS;2;63;8;197
OneMax;50;196;RLS;2;64;8;197
OneMax;50;196;RLS;2;65;8;197
OneMax;50;196;RLS;2;66;4;197
OneMax;50;196;RLS;2;67;6;197
OneMax;50;196;RLS;2;68;4;197
OneMax;50;196;RLS;2;69;3;197
OneMax;50;196;RLS;2;70;7;197
OneMax;50;196;RLS;2;71;9;197
OneMax;50;196;RLS;2;72;2;197
OneMax;50;196;RLS;2;73;9;197
OneMax;50;196;RLS;2;74;5;197
OneMax;50;196;RLS;2;75;6;197
OneMax;50;196;RLS;2;76;4;197
OneMax;50;196;RLS;2;77;6;197
OneMax;50;196;RLS;2;78;4;197
OneMax;50;196;RLS;2;79;8;197
OneMax;50;196;RLS;2;80;7;197
OneMax;50;196;RLS;2;81;4;197
OneMax;50;196;RLS;2;82;5;197
OneMax;50;196;RLS;2;83;8;197
OneMax;50;196;RLS;2;84;4;197
OneMax;50;196;RLS;2;85;6;197
OneMax;50;196;RLS;2;86;6;197
OneMax;50;196;RLS;2;87;7;197
OneMax;50;196;RLS;2;88;5;197
OneMax;50;196;RLS;2;89;4;197
OneMax;50;196;RLS;2;90;5;197
OneMax;50;196;RLS;2;91;6;197
OneMax;50;196;RLS;2;92;8;197
OneMax;50;196;RLS;2;93;4;197
OneMax;50;196;RLS;2;94;3;197
OneMax;50;196;RLS;2;95;5;197
OneMax;50;196;RLS;2;96;7;197
OneMax;50;196;RLS;2;97;4;197
OneMax;50;196;RLS;2;98;3;197
OneMax;50;196;RLS;2;99;3;197
OneMax;50;392;RLS;2;0;1;393
OneMax;50;392;RLS;2;1;3;393
OneMax;50;392;RLS;2;2;4;393
OneMax;50;392;RLS;2;3;3;393
OneMax;50;392;RLS;2;4;2;393
OneMax;50;392;RLS;2;5;4;393
OneMax;50;392;RLS;2;6;2;393
OneMax;50;392;RLS;2;7;4;393
OneMax;50;392;RLS;2;8;5;393
OneMax;50;392;RLS;2;9;4;393
OneMax;50;392;RLS;2;10;3;393
OneMax;50;392;RLS;2;11;4;393
OneMax;50;392;RLS;2;12;2;393
OneMax;50;392;RLS;2;13;2;393
OneMax;50;392;RLS;2;14;1;393
OneMax;50;392;RLS;2;15;4;393
OneMax;50;392;RLS;2;16;2;393
OneMax;50;392;RLS;2;17;2;393
OneMax;50;392;RLS;2;18;1;393
OneMax;50;392;RLS;2;19;3;393
OneMax;50;392;RLS;2;20;1;393
OneMax;50;392;RLS;2;21;2;393
OneMax;50;392;RLS;2;22;1;393
OneMax;50;392;RLS;2;23;5;393
OneMax;50;392;RLS;2;24;2;393
OneMax;50;392;RLS;2;25;3;393
OneMax;50;392;RLS;2;26;4;393
OneMax;50;392;RLS;2;27;1;393
OneMax;50;392;RLS;2;28;1;393
OneMax;50;392;RLS;2;29;4;393
OneMax;50;392;RLS;2;30;2;393
OneMax;50;392;RLS;2;31;2;393
OneMax;50;392;RLS;2;32;1;393
OneMax;50;392;RLS;2;33;3;393
OneMax;50;392;RLS;2;34;3;393
OneMax;50;392;RLS;2;35;3;393
OneMax;50;392;RLS;2;36;3;393
OneMax;50;392;RLS;2;37;5;393
OneMax;50;392;RLS;2;38;3;393
OneMax;50;392;RLS;2;39;4;393
OneMax;50;392;RLS;2;40;2;393
OneMax;50;392;RLS;2;41;4;393
OneMax;50;392;RLS;2;42;3;393
OneMax;50;392;RLS;2;43;2;393
OneMax;50;392;RLS;2;44;1;393
OneMax;50;392;RLS;2;45;5;393
OneMax;50;392;RLS;2;46;2;393
OneMax;50;392;RLS;2;47;1;393
OneMax;50;392;RLS;2;48;5;393
OneMax;50;392;RLS;2;49;1;393
OneMax;50;392;RLS;2;50;4;393
OneMax;50;392;RLS;2;51;2;393
OneMax;50;392;RLS;2;52;3;393
OneMax;50;392;RLS;2;53;3;393
OneMax;50;392;RLS;2;54;4;393
OneMax;50;392;RLS;2;55;5;393
OneMax;50;392;RLS;2;56;3;393
OneMax;50;392;RLS;2;57;1;393
OneMax;50;392;RLS;2;58;6;393
OneMax;50;392;RLS;2;59;2;393
OneMax;50;392;RLS;2;60;3;393
OneMax;50;392;RLS;2;61;4;393
OneMax;50;392;RLS;2;62;3;393
OneMax;50;392;RLS;2;63;3;393
OneMax;50;392;RLS;2;64;5;393
OneMax;50;392;RLS;2;65;7;393
OneMax;50;392;RLS;2;66;1;393
OneMax;50;392;RLS;2;67;4;393
OneMax;50;392;RLS;2;68;6;393
OneMax;50;392;RLS;2;69;3;393
OneMax;50;392;RLS;2;70;4;393
OneMax;50;392;RLS;2;71;3;393
OneMax;50;392;RLS;2;72;4;393
OneMax;50;392;RLS;2;73;4;393
OneMax;50;392;RLS;2;74;4;393
OneMax;50;392;RLS;2;75;3;393
OneMax;50;392;RLS;2;76;5;393
OneMax;50;392;RLS;2;77;2;393
OneMax;50;392;RLS;2;78;2;393
OneMax;50;392;RLS;2;79;2;393
OneMax;50;392;RLS;2;80;3;393
OneMax;50;392;RLS;2;81;3;393
OneMax;50;392;RLS;2;82;2;393
OneMax;50;392;RLS;2;83;2;393
OneMax;50;392;RLS;2;84;2;393
OneMax;50;392;RLS;2;85;3;393
OneMax;50;392;RLS;2;86;2;393
OneMax;50;392;RLS;2;87;3;393
OneMax;50;392;RLS;2;88;2;393
OneMax;50;392;RLS;2;89;3;393
OneMax;50;392;RLS;2;90;2;393
OneMax;50;392;RLS;2;91;2;393
OneMax;50;392;RLS;2;92;4;393
OneMax;50;392;RLS;2;93;3;393
OneMax;50;392;RLS;2;94;3;393
OneMax;50;392;RLS;2;95;4;393
OneMax;50;392;RLS;2;96;4;393
OneMax;50;392;RLS;2;97;6;393
OneMax;50;392;RLS;2;98;5;393
OneMax;50;392;RLS;2;99;2;393
OneMax;100;461;RLS;1;0;0;407
OneMax;100;461;RLS;1;1;2;462
OneMax;100;461;RLS;1;2;1;462
OneMax;100;461;RLS;1;3;1;462
OneMax;100;461;RLS;1;4;1;462
OneMax;100;461;RLS;1;5;0;449
OneMax;100;461;RLS;1;6;0;388
OneMax;100;461;RLS;1;7;0;409
OneMax;100;461;RLS;1;8;2;462
OneMax;100;461;RLS;1;9;0;293
OneMax;100;461;RLS;1;10;0;312
OneMax;100;461;RLS;1;11;0;323
OneMax;100;461;RLS;1;12;1;462
OneMax;100;461;RLS;1;13;0;311
OneMax;100;461;RLS;1;14;1;462
OneMax;100;461;RLS;1;15;1;462
OneMax;100;461;RLS;1;16;2;462
OneMax;100;461;RLS;1;17;0;317
OneMax;100;461;RLS;1;18;0;413
OneMax;100;461;RLS;1;19;0;335
OneMax;100;461;RLS;1;20;0;245
OneMax;100;461;RLS;1;21;0;383
OneMax;100;461;RLS;1;22;0;331
OneMax;100;461;RLS;1;23;1;462
OneMax;100;461;RLS;1;24;0;390
OneMax;100;461;RLS;1;25;2;462
OneMax;100;461;RLS;1;26;0;336
OneMax;100;461;RLS;1;27;1;462
OneMax;100;461;RLS;1;28;0;409
OneMax;100;461;RLS;1;29;0;414
OneMax;100;461;RLS;1;30;1;462
OneMax;100;461;RLS;1;31;0;354
OneMax;100;461;RLS;1;32;1;462
OneMax;100;461;RLS;1;33;1;462
OneMax;100;461;RLS;1;34;1;462
OneMax;100;461;RLS;1;35;2;462
OneMax;100;461;RLS;1;36;1;462
OneMax;100;461;RLS;1;37;0;405
OneMax;100;461;RLS;1;38;0;398
OneMax;100;461;RLS;1;39;0;459
OneMax;100;461;RLS;1;40;1;462
OneMax;100;461;RLS;1;41;0;325
OneMax;100;461;RLS;1;42;0;409
OneMax;100;461;RLS;1;43;0;395
OneMax;100;461;RLS;1;44;0;317
OneMax;100;461;RLS;1;45;1;462
OneMax;100;461;RLS;1;46;0;385
OneMax;100;461;RLS;1;47;0;417
OneMax;100;461;RLS;1;48;1;462
OneMax;100;461;RLS;1;49;0;412
OneMax;100;461;RLS;1;50;0;370
OneMax;100;461;RLS;1;51;2;462
OneMax;100;461;RLS;1;52;2;462
OneMax;100;461;RLS;1;53;0;448
OneMax;100;461;RLS;1;54;2;462
OneMax;100;461;RLS;1;55;0;382
OneMax;100;461;RLS;1;56;1;462
OneMax;100;461;RLS;1;57;0;332
OneMax;100;461;RLS;1;58;2;462
OneMax;100;461;RLS;1;59;0;239
OneMax;100;461;RLS;1;60;1;462
OneMax;100;461;RLS;1;61;2;462
OneMax;100;461;RLS;1;62;0;334
OneMax;100;461;RLS;1;63;0;405
OneMax;100;461;RLS;1;64;0;429
OneMax;100;461;RLS;1;65;2;462
OneMax;100;461;RLS;1;66;1;462
OneMax;100;461;RLS;1;67;1;462
OneMax;100;461;RLS;1;68;1;462
OneMax;100;461;RLS;1;69;1;462
OneMax;100;461;RLS;1;70;0;306
OneMax;100;461;RLS;1;71;0;422
OneMax;100;461;RLS;1;72;0;360
OneMax;100;461;RLS;1;73;0;315
OneMax;100;461;RLS;1;74;1;462
OneMax;100;461;RLS;1;75;1;462
OneMax;100;461;RLS;1;76;0;410
OneMax;100;461;RLS;1;77;2;462
OneMax;100;461;RLS;1;78;1;462
OneMax;100;461;RLS;1;79;2;462
OneMax;100;461;RLS;1;80;0;412
OneMax;100;461;RLS;1;81;0;404
OneMax;100;461;RLS;1;82;0;364
OneMax;100;461;RLS;1;83;0;420
OneMax;100;461;RLS;1;84;0;270
OneMax;100;461;RLS;1;85;0;367
OneMax;100;461;RLS;1;86;0;318
OneMax;100;461;RLS;1;87;2;462
OneMax;100;461;RLS;1;88;0;304
OneMax;100;461;RLS;1;89;0;429
OneMax;100;461;RLS;1;90;1;462
OneMax;100;461;RLS;1;91;0;395
OneMax;100;461;RLS;1;92;1;462
OneMax;100;461;RLS;1;93;0;375
OneMax;100;461;RLS;1;94;0;309
OneMax;100;461;RLS;1;95;0;368
OneMax;100;461;RLS;1;96;1;462
OneMax;100;461;RLS;1;97;0;254
OneMax;100;461;RLS;1;98;0;417
OneMax;100;461;RLS;1;99;0;366
OneMax;100;922;RLS;1;0;0;433
OneMax;100;922;RLS;1;1;0;445
OneMax;100;922;RLS;1;2;0;360
OneMax;100;922;RLS;1;3;0;276
OneMax;100;922;RLS;1;4;0;583
OneMax;100;922;RLS;1;5;0;333
OneMax;100;922;RLS;1;6;0;332
OneMax;100;922;RLS;1;7;0;528
OneMax;100;922;RLS;1;8;0;491
OneMax;100;922;RLS;1;9;0;510
OneMax;100;922;RLS;1;10;0;340
OneMax;100;922;RLS;1;11;0;245
OneMax;100;922;RLS;1;12;0;357
OneMax;100;922;RLS;1;13;0;704
OneMax;100;922;RLS;1;14;0;284
OneMax;100;922;RLS;1;15;0;435
OneMax;100;922;RLS;1;16;0;350
OneMax;100;922;RLS;1;17;0;474
OneMax;100;922;RLS;1;18;0;211
OneMax;100;922;RLS;1;19;0;405
OneMax;100;922;RLS;1;20;0;530
OneMax;100;922;RLS;1;21;0;430
OneMax;100;922;RLS;1;22;0;334
OneMax;100;922;RLS;1;23;0;521
OneMax;100;922;RLS;1;24;0;434
OneMax;100;922;RLS;1;25;0;567
OneMax;100;922;RLS;1;26;0;571
OneMax;100;922;RLS;1;27;0;433
OneMax;100;922;RLS;1;28;0;570
OneMax;100;922;RLS;1;29;0;616
OneMax;100;922;RLS;1;30;0;545
OneMax;100;922;RLS;1;31;0;391
OneMax;100;922;RLS;1;32;0;336
OneMax;100;922;RLS;1;33;0;647
OneMax;100;922;RLS;1;34;0;286
OneMax;100;922;RLS;1;35;0;297
OneMax;100;922;RLS;1;36;0;610
OneMax;100;922;RLS;1;37;0;420
OneMax;100;922;RLS;1;38;0;528
OneMax;100;922;RLS;1;39;0;588
OneMax;100;922;RLS;1;40;0;609
OneMax;100;922;RLS;1;41;0;361
OneMax;100;922;RLS;1;42;0;589
OneMax;100;922;RLS;1;43;0;528
OneMax;100;922;RLS;1;44;0;377
OneMax;100;922;RLS;1;45;0;485
OneMax;100;922;RLS;1;46;0;313
OneMax;100;922;RLS;1;47;0;603
OneMax;100;922;RLS;1;48;0;705
OneMax;100;922;RLS;1;49;0;473
OneMax;100;922;RLS;1;50;0;435
OneMax;100;922;RLS;1;51;0;303
OneMax;100;922;RLS;1;52;0;442
OneMax;100;922;RLS;1;53;0;603
OneMax;100;922;RLS;1;54;0;441
OneMax;100;922;RLS;1;55;0;526
OneMax;100;922;RLS;1;56;0;389
OneMax;100;922;RLS;1;57;0;321
OneMax;100;922;RLS;1;58;0;608
OneMax;100;922;RLS;1;59;0;529
OneMax;100;922;RLS;1;60;0;334
OneMax;100;922;RLS;1;61;0;429
OneMax;100;922;RLS;1;62;0;393
OneMax;100;922;RLS;1;63;0;349
OneMax;100;922;RLS;1;64;0;391
OneMax;100;922;RLS;1;65;0;437
OneMax;100;922;RLS;1;66;0;328
OneMax;100;922;RLS;1;67;0;367
OneMax;100;922;RLS;1;68;0;370
OneMax;100;922;RLS;1;69;0;338
OneMax;100;922;RLS;1;70;0;386
OneMax;100;922;RLS;1;71;0;504
OneMax;100;922;RLS;1;72;0;407
OneMax;100;922;RLS;1;73;0;338
OneMax;100;922;RLS;1;74;0;487
OneMax;100;922;RLS;1;75;0;745
OneMax;100;922;RLS;1;76;0;389
OneMax;100;922;RLS;1;77;0;461
OneMax;100;922;RLS;1;78;0;537
OneMax;100;922;RLS;1;79;0;418
OneMax;100;922;RLS;1;80;0;600
OneMax;100;922;RLS;1;81;0;402
OneMax;100;922;RLS;1;82;0;305
OneMax;100;922;RLS;1;83;0;625
OneMax;100;922;RLS;1;84;0;431
OneMax;100;922;RLS;1;85;0;742
OneMax;100;922;RLS;1;86;0;397
OneMax;100;922;RLS;1;87;0;487
OneMax;100;922;RLS;1;88;0;376
OneMax;100;922;RLS;1;89;0;413
OneMax;100;922;RLS;1;90;0;536
OneMax;100;922;RLS;1;91;0;538
OneMax;100;922;RLS;1;92;0;553
OneMax;100;922;RLS;1;93;0;252
OneMax;100;922;RLS;1;94;0;435
OneMax;100;922;RLS;1;95;0;399
OneMax;100;922;RLS;1;96;0;425
OneMax;100;922;RLS;1;97;0;613
OneMax;100;922;RLS;1;98;0;322
OneMax;100;922;RLS;1;99;0;347
OneMax;100;461;RLS;2;0;7;462
OneMax;100;461;RLS;2;1;9;462
OneMax;100;461;RLS;2;2;9;462
OneMax;100;461;RLS;2;3;6;462
OneMax;100;461;RLS;2;4;11;462
OneMax;100;461;RLS;2;5;8;462
OneMax;100;461;RLS;2;6;6;462
OneMax;100;461;RLS;2;7;14;462
OneMax;100;461;RLS;2;8;10;462
OneMax;100;461;RLS;2;9;6;462
OneMax;100;461;RLS;2;10;11;462
OneMax;100;461;RLS;2;11;11;462
OneMax;100;461;RLS;2;12;6;462
OneMax;100;461;RLS;2;13;9;462
OneMax;100;461;RLS;2;14;11;462
OneMax;100;461;RLS;2;15;11;462
OneMax;100;461;RLS;2;16;7;462
OneMax;100;461;RLS;2;17;16;462
OneMax;100;461;RLS;2;18;9;462
OneMax;100;461;RLS;2;19;7;462
OneMax;100;461;RLS;2;20;8;462
OneMax;100;461;RLS;2;21;10;462
OneMax;100;461;RLS;2;22;9;462
OneMax;100;461;RLS;2;23;11;462
OneMax;100;461;RLS;2;24;5;462
OneMax;100;461;RLS;2;25;9;462
OneMax;100;461;RLS;2;26;7;462
OneMax;100;461;RLS;2;27;7;462
OneMax;100;461;RLS;2;28;11;462
OneMax;100;461;RLS;2;29;8;462
OneMax;100;461;RLS;2;30;13;462
OneMax;100;461;RLS;2;31;11;462
OneMax;100;461;RLS;2;32;7;462
OneMax;100;461;RLS;2;33;12;462
OneMax;100;461;RLS;2;34;11;462
OneMax;100;461;RLS;2;35;9;462
OneMax;100;461;RLS;2;36;9;462
OneMax;100;461;RLS;2;37;10;462
OneMax;100;461;RLS;2;38;14;462
OneMax;100;461;RLS;2;39;5;462
OneMax;100;461;RLS;2;40;9;462
OneMax;100;461;RLS;2;41;11;462
OneMax;100;461;RLS;2;42;12;462
OneMax;100;461;RLS;2;43;8;462
OneMax;100;461;RLS;2;44;11;462
OneMax;100;461;RLS;2;45;6;462
OneMax;100;461;RLS;2;46;9;462
OneMax;100;461;RLS;2;47;12;462
OneMax;100;461;RLS;2;48;9;462
OneMax;100;461;RLS;2;49;6;462
OneMax;100;461;RLS;2;50;12;462
OneMax;100;461;RLS;2;51;6;462
OneMax;100;461;RLS;2;52;11;462
OneMax;100;461;RLS;2;53;6;462
OneMax;100;461;RLS;2;54;8;462
OneMax;100;461;RLS;2;55;9;462
OneMax;100;461;RLS;2;56;14;462
OneMax;100;461;RLS;2;57;8;462
OneMax;100;461;RLS;2;58;4;462
OneMax;100;461;RLS;2;59;12;462
OneMax;100;461;RLS;2;60;12;462
OneMax;100;461;RLS;2;61;6;462
OneMax;100;461;RLS;2;62;9;462
OneMax;100;461;RLS;2;63;12;462
OneMax;100;461;RLS;2;64;7;462
OneMax;100;461;RLS;2;65;13;462
OneMax;100;461;RLS;2;66;9;462
OneMax;100;461;RLS;2;67;10;462
OneMax;100;461;RLS;2;68;6;462
OneMax;100;461;RLS;2;69;10;462
OneMax;100;461;RLS;2;70;6;462
OneMax;100;461;RLS;2;71;10;462
OneMax;100;461;RLS;2;72;9;462
OneMax;100;461;RLS;2;73;6;462
OneMax;100;461;RLS;2;74;13;462
OneMax;100;461;RLS;2;75;7;462
OneMax;100;461;RLS;2;76;9;462
OneMax;100;461;RLS;2;77;7;462
OneMax;100;461;RLS;2;78;9;462
OneMax;100;461;RLS;2;79;11;462
OneMax;100;461;RLS;2;80;8;462
OneMax;100;461;RLS;2;81;10;462
OneMax;100;461;RLS;2;82;10;462
OneMax;100;461;RLS;2;83;8;462
OneMax;100;461;RLS;2;84;8;462
OneMax;100;461;RLS;2;85;6;462
OneMax;100;461;RLS;2;86;7;462
OneMax;100;461;RLS;2;87;14;462
OneMax;100;461;RLS;2;88;11;462
OneMax;100;461;RLS;2;89;9;462
OneMax;100;461;RLS;2;90;11;462
OneMax;100;461;RLS;2;91;10;462
OneMax;100;461;RLS;2;92;5;462
OneMax;100;461;RLS;2;93;7;462
OneMax;100;461;RLS;2;94;4;462
OneMax;100;461;RLS;2;95;4;462
OneMax;100;461;RLS;2;96;10;462
OneMax;100;461;RLS;2;97;12;462
OneMax;100;461;RLS;2;98;5;462
OneMax;100;461;RLS;2;99;6;462
OneMax;100;922;RLS;2;0;4;923
OneMax;100;922;RLS;2;1;2;923
OneMax;100;922;RLS;2;2;3;923
OneMax;100;922;RLS;2;3;5;923
OneMax;100;922;RLS;2;4;4;923
OneMax;100;922;RLS;2;5;5;923
OneMax;100;922;RLS;2;6;4;923
OneMax;100;922;RLS;2;7;6;923
OneMax;100;922;RLS;2;8;7;923
OneMax;100;922;RLS;2;9;4;923
OneMax;100;922;RLS;2;10;5;923
OneMax;100;922;RLS;2;11;7;923
OneMax;100;922;RLS;2;12;5;923
OneMax;100;922;RLS;2;13;4;923
OneMax;100;922;RLS;2;14;2;923
OneMax;100;922;RLS;2;15;4;923
OneMax;100;922;RLS;2;16;4;923
OneMax;100;922;RLS;2;17;5;923
OneMax;100;922;RLS;2;18;4;923
OneMax;100;922;RLS;2;19;5;923
OneMax;100;922;RLS;2;20;7;923
OneMax;100;922;RLS;2;21;6;923
OneMax;100;922;RLS;2;22;3;923
OneMax;100;922;RLS;2;23;2;923
OneMax;100;922;RLS;2;24;3;923
OneMax;100;922;RLS;2;25;7;923
OneMax;100;922;RLS;2;26;5;923
OneMax;100;922;RLS;2;27;6;923
OneMax;100;922;RLS;2;28;2;923
OneMax;100;922;RLS;2;29;3;923
OneMax;100;922;RLS;2;30;6;923
OneMax;100;922;RLS;2;31;3;923
OneMax;100;922;RLS;2;32;8;923
OneMax;100;922;RLS;2;33;8;923
OneMax;100;922;RLS;2;34;5;923
OneMax;100;922;RLS;2;35;6;923
OneMax;100;922;RLS;2;36;10;923
OneMax;100;922;RLS;2;37;5;923
OneMax;100;922;RLS;2;38;5;923
OneMax;100;922;RLS;2;39;4;923
OneMax;100;922;RLS;2;40;8;923
OneMax;100;922;RLS;2;41;4;923
OneMax;100;922;RLS;2;42;6;923
OneMax;100;922;RLS;2;43;3;923
OneMax;100;922;RLS;2;44;2;923
OneMax;100;922;RLS;2;45;7;923
OneMax;100;922;RLS;2;46;5;923
OneMax;100;922;RLS;2;47;8;923
OneMax;100;922;RLS;2;48;7;923
OneMax;100;922;RLS;2;49;4;923
OneMax;100;922;RLS;2;50;8;923
OneMax;100;922;RLS;2;51;5;923
OneMax;100;922;RLS;2;52;4;923
OneMax;100;922;RLS;2;53;5;923
OneMax;100;922;RLS;2;54;5;923
OneMax;100;922;RLS;2;55;6;923
OneMax;100;922;RLS;2;56;6;923
OneMax;100;922;RLS;2;57;7;923
OneMax;100;922;RLS;2;58;7;923
OneMax;100;922;RLS;2;59;6;923
OneMax;100;922;RLS;2;60;6;923
OneMax;100;922;RLS;2;61;5;923
OneMax;100;922;RLS;2;62;6;923
OneMax;100;922;RLS;2;63;5;923
OneMax;100;922;RLS;2;64;6;923
OneMax;100;922;RLS;2;65;6;923
OneMax;100;922;RLS;2;66;7;923
OneMax;100;922;RLS;2;67;7;923
OneMax;100;922;RLS;2;68;3;923
OneMax;100;922;RLS;2;69;1;923
OneMax;100;922;RLS;2;70;7;923
OneMax;100;922;RLS;2;71;7;923
OneMax;100;922;RLS;2;72;2;923
OneMax;100;922;RLS;2;73;4;923
OneMax;100;922;RLS;2;74;5;923
OneMax;100;922;RLS;2;75;5;923
OneMax;100;922;RLS;2;76;4;923
OneMax;100;922;RLS;2;77;5;923
OneMax;100;922;RLS;2;78;7;923
OneMax;100;922;RLS;2;79;5;923
OneMax;100;922;RLS;2;80;7;923
OneMax;100;922;RLS;2;81;6;923
OneMax;100;922;RLS;2;82;6;923
OneMax;100;922;RLS;2;83;4;923
OneMax;100;922;RLS;2;84;6;923
OneMax;100;922;RLS;2;85;4;923
OneMax;100;922;RLS;2;86;3;923
OneMax;100;922;RLS;2;87;8;923
OneMax;100;922;RLS;2;88;3;923
OneMax;100;922;RLS;2;89;5;923
OneMax;100;922;RLS;2;90;5;923
OneMax;100;922;RLS;2;91;6;923
OneMax;100;922;RLS;2;92;7;923
OneMax;100;922;RLS;2;93;3;923
OneMax;100;922;RLS;2;94;4;923
OneMax;100;922;RLS;2;95;5;923
OneMax;100;922;RLS;2;96;5;923
OneMax;100;922;RLS;2;97;5;923
OneMax;100;922;RLS;2;98;5;923
OneMax;100;922;RLS;2;99;4;923
OneMax;200;1060;RLS;1;0;1;1061
OneMax;200;1060;RLS;1;1;1;1061
OneMax;200;1060;RLS;1;2;0;876
OneMax;200;1060;RLS;1;3;2;1061
OneMax;200;1060;RLS;1;4;0;935
OneMax;200;1060;RLS;1;5;0;961
OneMax;200;1060;RLS;1;6;1;1061
OneMax;200;1060;RLS;1;7;0;813
OneMax;200;1060;RLS;1;8;0;922
OneMax;200;1060;RLS;1;9;0;735
OneMax;200;1060;RLS;1;10;0;944
OneMax;200;1060;RLS;1;11;0;875
OneMax;200;1060;RLS;1;12;0;874
OneMax;200;1060;RLS;1;13;1;1061
OneMax;200;1060;RLS;1;14;1;1061
OneMax;200;1060;RLS;1;15;0;643
OneMax;200;1060;RLS;1;16;0;914
OneMax;200;1060;RLS;1;17;1;1061
OneMax;200;1060;RLS;1;18;0;937
OneMax;200;1060;RLS;1;19;1;1061
OneMax;200;1060;RLS;1;20;0;1042
OneMax;200;1060;RLS;1;21;0;794
OneMax;200;1060;RLS;1;22;0;995
OneMax;200;1060;RLS;1;23;2;1061
OneMax;200;1060;RLS;1;24;0;674
OneMax;200;1060;RLS;1;25;0;1060
OneMax;200;1060;RLS;1;26;2;1061
OneMax;200;1060;RLS;1;27;0;875
OneMax;200;1060;RLS;1;28;0;668
OneMax;200;1060;RLS;1;29;1;1061
OneMax;200;1060;RLS;1;30;0;845
OneMax;200;1060;RLS;1;31;0;921
OneMax;200;1060;RLS;1;32;2;1061
OneMax;200;1060;RLS;1;33;1;1061
OneMax;200;1060;RLS;1;34;0;989
OneMax;200;1060;RLS;1;35;0;964
OneMax;200;1060;RLS;1;36;4;1061
OneMax;200;1060;RLS;1;37;0;784
OneMax;200;1060;RLS;1;38;0;790
OneMax;200;1060;RLS;1;39;0;808
OneMax;200;1060;RLS;1;40;2;1061
OneMax;200;1060;RLS;1;41;0;943
OneMax;200;1060;RLS;1;42;1;1061
OneMax;200;1060;RLS;1;43;0;805
OneMax;200;1060;RLS;1;44;0;721
OneMax;200;1060;RLS;1;45;0;697
OneMax;200;1060;RLS;1;46;0;846
OneMax;200;1060;RLS;1;47;0;880
OneMax;200;1060;RLS;1;48;1;1061
OneMax;200;1060;RLS;1;49;2;1061
OneMax;200;1060;RLS;1;50;1;1061
OneMax;200;1060;RLS;1;51;0;1030
OneMax;200;1060;RLS;1;52;0;852
OneMax;200;1060;RLS;1;53;1;1061
OneMax;200;1060;RLS;1;54;0;729
OneMax;200;1060;RLS;1;55;0;917
OneMax;200;1060;RLS;1;56;0;1060
OneMax;200;1060;RLS;1;57;2;1061
OneMax;200;1060;RLS;1;58;0;931
OneMax;200;1060;RLS;1;59;0;996
OneMax;200;1060;RLS;1;60;0;676
OneMax;200;1060;RLS;1;61;0;886
OneMax;200;1060;RLS;1;62;0;1007
OneMax;200;1060;RLS;1;63;1;1061
OneMax;200;1060;RLS;1;64;0;906
OneMax;200;1060;RLS;1;65;0;920
OneMax;200;1060;RLS;1;66;3;1061
OneMax;200;1060;RLS;1;67;1;1061
OneMax;200;1060;RLS;1;68;0;682
OneMax;200;1060;RLS;1;69;0;888
OneMax;200;1060;RLS;1;70;1;1061
OneMax;200;1060;RLS;1;71;0;969
OneMax;200;1060;RLS;1;72;1;1061
OneMax;200;1060;RLS;1;73;0;760
OneMax;200;1060;RLS;1;74;0;704
OneMax;200;1060;RLS;1;75;1;1061
OneMax;200;1060;RLS;1;76;0;1006
OneMax;200;1060;RLS;1;77;2;1061
OneMax;200;1060;RLS;1;78;1;1061
OneMax;200;1060;RLS;1;79;0;982
OneMax;200;1060;RLS;1;80;0;1028
OneMax;200;1060;RLS;1;81;0;927
OneMax;200;1060;RLS;1;82;0;811
OneMax;200;1060;RLS;1;83;1;1061
OneMax;200;1060;RLS;1;84;0;819
OneMax;200;1060;RLS;1;85;1;1061
OneMax;200;1060;RLS;1;86;0;910
OneMax;200;1060;RLS;1;87;2;1061
OneMax;200;1060;RLS;1;88;0;786
OneMax;200;1060;RLS;1;89;1;1061
OneMax;200;1060;RLS;1;90;0;594
OneMax;200;1060;RLS;1;91;1;1061
OneMax;200;1060;RLS;1;92;0;674
OneMax;200;1060;RLS;1;93;1;1061
OneMax;200;1060;RLS;1;94;1;1061
OneMax;200;1060;RLS;1;95;1;1061
OneMax;200;1060;RLS;1;96;0;902
OneMax;200;1060;RLS;1;97;0;745
OneMax;200;1060;RLS;1;98;0;1043
OneMax;200;1060;RLS;1;99;1;1061
OneMax;200;2120;RLS;1;0;0;1162
OneMax;200;2120;RLS;1;1;0;1028
OneMax;200;2120;RLS;1;2;0;880
OneMax;200;2120;RLS;1;3;0;979
OneMax;200;2120;RLS;1;4;0;646
OneMax;200;2120;RLS;1;5;0;884
OneMax;200;2120;RLS;1;6;0;1156
OneMax;200;2120;RLS;1;7;0;973
OneMax;200;2120;RLS;1;8;0;906
OneMax;200;2120;RLS;1;9;0;2065
OneMax;200;2120;RLS;1;10;0;903
OneMax;200;2120;RLS;1;11;0;1081
OneMax;200;2120;RLS;1;12;0;1020
OneMax;200;2120;RLS;1;13;0;1462
OneMax;200;2120;RLS;1;14;0;1028
OneMax;200;2120;RLS;1;15;0;897
OneMax;200;2120;RLS;1;16;0;1061
OneMax;200;2120;RLS;1;17;0;819
OneMax;200;2120;RLS;1;18;0;911
OneMax;200;2120;RLS;1;19;0;866
OneMax;200;2120;RLS;1;20;0;1257
OneMax;200;2120;RLS;1;21;0;864
OneMax;200;2120;RLS;1;22;0;1198
OneMax;200;2120;RLS;1;23;0;892
OneMax;200;2120;RLS;1;24;0;853
OneMax;200;2120;RLS;1;25;0;1042
OneMax;200;2120;RLS;1;26;0;799
OneMax;200;2120;RLS;1;27;0;1607
OneMax;200;2120;RLS;1;28;0;1370
OneMax;200;2120;RLS;1;29;0;1069
OneMax;200;2120;RLS;1;30;0;852
OneMax;200;2120;RLS;1;31;0;828
OneMax;200;2120;RLS;1;32;0;1201
OneMax;200;2120;RLS;1;33;0;1002
OneMax;200;2120;RLS;1;34;0;865
OneMax;200;2120;RLS;1;35;0;930
OneMax;200;2120;RLS;1;36;0;806
OneMax;200;2120;RLS;1;37;0;1150
OneMax;200;2120;RLS;1;38;0;1477
OneMax;200;2120;RLS;1;39;0;994
OneMax;200;2120;RLS;1;40;0;799
OneMax;200;2120;RLS;1;41;0;807
OneMax;200;2120;RLS;1;42;0;708
OneMax;200;2120;RLS;1;43;0;928
OneMax;200;2120;RLS;1;44;0;1168
OneMax;200;2120;RLS;1;45;0;832
OneMax;200;2120;RLS;1;46;0;1500
OneMax;200;2120;RLS;1;47;0;887
OneMax;200;2120;RLS;1;48;0;808
OneMax;200;2120;RLS;1;49;0;858
OneMax;200;2120;RLS;1;50;0;935
OneMax;200;2120;RLS;1;51;0;945
OneMax;200;2120;RLS;1;52;0;893
OneMax;200;2120;RLS;1;53;0;1067
OneMax;200;2120;RLS;1;54;0;1198
OneMax;200;2120;RLS;1;55;0;874
OneMax;200;2120;RLS;1;56;0;998
OneMax;200;2120;RLS;1;57;0;1778
OneMax;200;2120;RLS;1;58;0;803
OneMax;200;2120;RLS;1;59;0;924
OneMax;200;2120;RLS;1;60;0;1060
OneMax;200;2120;RLS;1;61;0;1145
OneMax;200;2120;RLS;1;62;0;663
OneMax;200;2120;RLS;1;63;0;1458
OneMax;200;2120;RLS;1;64;0;1309
OneMax;200;2120;RLS;1;65;0;1045
OneMax;200;2120;RLS;1;66;0;924
OneMax;200;2120;RLS;1;67;0;882
OneMax;200;2120;RLS;1;68;0;1077
OneMax;200;2120;RLS;1;69;0;718
OneMax;200;2120;RLS;1;70;0;1383
OneMax;200;2120;RLS;1;71;0;1007
OneMax;200;2120;RLS;1;72;0;867
OneMax;200;2120;RLS;1;73;0;753
OneMax;200;2120;RLS;1;74;0;972
OneMax;200;2120;RLS;1;75;0;1616
OneMax;200;2120;RLS;1;76;0;1313
OneMax;200;2120;RLS;1;77;0;1009
OneMax;200;2120;RLS;1;78;0;796
OneMax;200;2120;RLS;1;79;0;1084
OneMax;200;2120;RLS;1;80;0;1192
OneMax;200;2120;RLS;1;81;0;852
OneMax;200;2120;RLS;1;82;0;1056
OneMax;200;2120;RLS;1;83;0;713
OneMax;200;2120;RLS;1;84;0;788
OneMax;200;2120;RLS;1;85;0;1026
OneMax;200;2120;RLS;1;86;0;1085
OneMax;200;2120;RLS;1;87;0;1351
OneMax;200;2120;RLS;1;88;0;1112
OneMax;200;2120;RLS;1;89;0;1420
OneMax;200;2120;RLS;1;90;0;1702
OneMax;200;2120;RLS;1;91;0;1069
OneMax;200;2120;RLS;1;92;0;1058
OneMax;200;2120;RLS;1;93;0;1247
OneMax;200;2120;RLS;1;94;0;887
OneMax;200;2120;RLS;1;95;0;872
OneMax;200;2120;RLS;1;96;0;918
OneMax;200;2120;RLS;1;97;0;766
OneMax;200;2120;RLS;1;98;0;1122
OneMax;200;2120;RLS;1;99;0;1249
OneMax;200;1060;RLS;2;0;18;1061
OneMax;200;1060;RLS;2;1;18;1061
OneMax;200;1060;RLS;2;2;14;1061
OneMax;200;1060;RLS;2;3;13;1061
OneMax;200;1060;RLS;2;4;17;1061
OneMax;200;1060;RLS;2;5;13;1061
OneMax;200;1060;RLS;2;6;21;1061
OneMax;200;1060;RLS;2;7;22;1061
OneMax;200;1060;RLS;2;8;14;1061
OneMax;200;1060;RLS;2;9;17;1061
OneMax;200;1060;RLS;2;10;14;1061
OneMax;200;1060;RLS;2;11;15;1061
OneMax;200;1060;RLS;2;12;15;1061
OneMax;200;1060;RLS;2;13;10;1061
OneMax;200;1060;RLS;2;14;15;1061
OneMax;200;1060;RLS;2;15;13;1061
OneMax;200;1060;RLS;2;16;15;1061
OneMax;200;1060;RLS;2;17;19;1061
OneMax;200;1060;RLS;2;18;11;1061
OneMax;200;1060;RLS;2;19;18;1061
OneMax;200;1060;RLS;2;20;15;1061
OneMax;200;1060;RLS;2;21;17;1061
OneMax;200;1060;RLS;2;22;13;1061
OneMax;200;1060;RLS;2;23;16;1061
OneMax;200;1060;RLS;2;24;12;1061
OneMax;200;1060;RLS;2;25;13;1061
OneMax;200;1060;RLS;2;26;11;1061
OneMax;200;1060;RLS;2;27;12;1061
OneMax;200;1060;RLS;2;28;17;1061
OneMax;200;1060;RLS;2;29;16;1061
OneMax;200;1060;RLS;2;30;14;1061
OneMax;200;1060;RLS;2;31;22;1061
OneMax;200;1060;RLS;2;32;13;1061
OneMax;200;1060;RLS;2;33;15;1061
OneMax;200;1060;RLS;2;34;12;1061
OneMax;200;1060;RLS;2;35;17;1061
OneMax;200;1060;RLS;2;36;13;1061
OneMax;200;1060;RLS;2;37;21;1061
OneMax;200;1060;RLS;2;38;18;1061
OneMax;200;1060;RLS;2;39;18;1061
OneMax;200;1060;RLS;2;40;13;1061
OneMax;200;1060;RLS;2;41;13;1061
OneMax;200;1060;RLS;2;42;11;1061
OneMax;200;1060;RLS;2;43;15;1061
OneMax;200;1060;RLS;2;44;13;1061
OneMax;200;1060;RLS;2;45;13;1061
OneMax;200;1060;RLS;2;46;18;1061
OneMax;200;1060;RLS;2;47;15;1061
OneMax;200;1060;RLS;2;48;16;1061
OneMax;200;1060;RLS;2;49;16;1061
OneMax;200;1060;RLS;2;50;16;1061
OneMax;200;1060;RLS;2;51;21;1061
OneMax;200;1060;RLS;2;52;17;1061
OneMax;200;1060;RLS;2;53;10;1061
OneMax;200;1060;RLS;2;54;16;1061
OneMax;200;1060;RLS;2;55;14;1061
OneMax;200;1060;RLS;2;56;20;1061
OneMax;200;1060;RLS;2;57;14;1061
OneMax;200;1060;RLS;2;58;16;1061
OneMax;200;1060;RLS;2;59;11;1061
OneMax;200;1060;RLS;2;60;12;1061
OneMax;200;1060;RLS;2;61;18;1061
OneMax;200;1060;RLS;2;62;13;1061
OneMax;200;1060;RLS;2;63;16;1061
OneMax;200;1060;RLS;2;64;21;1061
OneMax;200;1060;RLS;2;65;16;1061
OneMax;200;1060;RLS;2;66;19;1061
OneMax;200;1060;RLS;2;67;18;1061
OneMax;200;1060;RLS;2;68;23;1061
OneMax;200;1060;RLS;2;69;17;1061
OneMax;200;1060;RLS;2;70;19;1061
OneMax;200;1060;RLS;2;71;14;1061
OneMax;200;1060;RLS;2;72;14;1061
OneMax;200;1060;RLS;2;73;13;1061
OneMax;200;1060;RLS;2;74;20;1061
OneMax;200;1060;RLS;2;75;17;1061
OneMax;200;1060;RLS;2;76;14;1061
OneMax;200;1060;RLS;2;77;18;1061
OneMax;200;1060;RLS;2;78;13;1061
OneMax;200;1060;RLS;2;79;16;1061
OneMax;200;1060;RLS;2;80;17;1061
OneMax;200;1060;RLS;2;81;22;1061
OneMax;200;1060;RLS;2;82;17;1061
OneMax;200;1060;RLS;2;83;16;1061
OneMax;200;1060;RLS;2;84;9;1061
OneMax;200;1060;RLS;2;85;16;1061
OneMax;200;1060;RLS;2;86;17;1061
OneMax;200;1060;RLS;2;87;14;1061
OneMax;200;1060;RLS;2;88;19;1061
OneMax;200;1060;RLS;2;89;13;1061
OneMax;200;1060;RLS;2;90;13;1061
OneMax;200;1060;RLS;2;91;18;1061
OneMax;200;1060;RLS;2;92;17;1061
OneMax;200;1060;RLS;2;93;13;1061
OneMax;200;1060;RLS;2;94;14;1061
OneMax;200;1060;RLS;2;95;18;1061
OneMax;200;1060;RLS;2;96;20;1061
OneMax;200;1060;RLS;2;97;15;1061
OneMax;200;1060;RLS;2;98;16;1061
OneMax;200;1060;RLS;2;99;25;1061
OneMax;200;2120;RLS;2;0;8;2121
OneMax;200;2120;RLS;2;1;8;2121
OneMax;200;2120;RLS;2;2;11;2121
OneMax;200;2120;RLS;2;3;4;2121
OneMax;200;2120;RLS;2;4;8;2121
OneMax;200;2120;RLS;2;5;10;2121
OneMax;200;2120;RLS;2;6;12;2121
OneMax;200;2120;RLS;2;7;11;2121
OneMax;200;2120;RLS;2;8;5;2121
OneMax;200;2120;RLS;2;9;13;2121
OneMax;200;2120;RLS;2;10;6;2121
OneMax;200;2120;RLS;2;11;10;2121
OneMax;200;2120;RLS;2;12;5;2121
OneMax;200;2120;RLS;2;13;9;2121
OneMax;200;2120;RLS;2;14;11;2121
OneMax;200;2120;RLS;2;15;11;2121
OneMax;200;2120;RLS;2;16;7;2121
OneMax;200;2120;RLS;2;17;7;2121
OneMax;200;2120;RLS;2;18;11;2121
OneMax;200;2120;RLS;2;19;9;2121
OneMax;200;2120;RLS;2;20;8;2121
OneMax;200;2120;RLS;2;21;9;2121
OneMax;200;2120;RLS;2;22;10;2121
OneMax;200;2120;RLS;2;23;7;2121
OneMax;200;2120;RLS;2;24;10;2121
OneMax;200;2120;RLS;2;25;7;2121
OneMax;200;2120;RLS;2;26;12;2121
OneMax;200;2120;RLS;2;27;14;2121
OneMax;200;2120;RLS;2;28;10;2121
OneMax;200;2120;RLS;2;29;5;2121
OneMax;200;2120;RLS;2;30;5;2121
OneMax;200;2120;RLS;2;31;8;2121
OneMax;200;2120;RLS;2;32;11;2121
OneMax;200;2120;RLS;2;33;10;2121
OneMax;200;2120;RLS;2;34;10;2121
OneMax;200;2120;RLS;2;35;12;2121
OneMax;200;2120;RLS;2;36;6;2121
OneMax;200;2120;RLS;2;37;6;2121
OneMax;200;2120;RLS;2;38;10;2121
OneMax;200;2120;RLS;2;39;7;2121
OneMax;200;2120;RLS;2;40;5;2121
OneMax;200;2120;RLS;2;41;9;2121
OneMax;200;2120;RLS;2;42;12;2121
OneMax;200;2120;RLS;2;43;9;2121
OneMax;200;2120;RLS;2;44;12;2121
OneMax;200;2120;RLS;2;45;8;2121
OneMax;200;2120;RLS;2;46;12;2121
OneMax;200;2120;RLS;2;47;7;2121
OneMax;200;2120;RLS;2;48;6;2121
OneMax;200;2120;RLS;2;49;9;2121
OneMax;200;2120;RLS;2;50;9;2121
OneMax;200;2120;RLS;2;51;13;2121
OneMax;200;2120;RLS;2;52;13;2121
OneMax;200;2120;RLS;2;53;11;2121
OneMax;200;2120;RLS;2;54;7;2121
OneMax;200;2120;RLS;2;55;6;2121
OneMax;200;2120;RLS;2;56;5;2121
OneMax;200;2120;RLS;2;57;6;2121
OneMax;200;2120;RLS;2;58;9;2121
OneMax;200;2120;RLS;2;59;7;2121
OneMax;200;2120;RLS;2;60;5;2121
OneMax;200;2120;RLS;2;61;12;2121
OneMax;200;2120;RLS;2;62;4;2121
OneMax;200;2120;RLS;2;63;9;2121
OneMax;200;2120;RLS;2;64;6;2121
OneMax;200;2120;RLS;2;65;9;2121
OneMax;200;2120;RLS;2;66;6;2121
OneMax;200;2120;RLS;2;67;12;2121
OneMax;200;2120;RLS;2;68;7;2121
OneMax;200;2120;RLS;2;69;9;2121
OneMax;200;2120;RLS;2;70;6;2121
OneMax;200;2120;RLS;2;71;6;2121
OneMax;200;2120;RLS;2;72;11;2121
OneMax;200;2120;RLS;2;73;5;2121
OneMax;200;2120;RLS;2;74;6;2121
OneMax;200;2120;RLS;2;75;5;2121
OneMax;200;2120;RLS;2;76;9;2121
OneMax;200;2120;RLS;2;77;11;2121
OneMax;200;2120;RLS;2;78;7;2121
OneMax;200;2120;RLS;2;79;10;2121
OneMax;200;2120;RLS;2;80;12;2121
OneMax;200;2120;RLS;2;81;11;2121
OneMax;200;2120;RLS;2;82;6;2121
OneMax;200;2120;RLS;2;83;10;2121
OneMax;200;2120;RLS;2;84;11;2121
OneMax;200;2120;RLS;2;85;10;2121
OneMax;200;2120;RLS;2;86;9;2121
OneMax;200;2120;RLS;2;87;7;2121
OneMax;200;2120;RLS;2;88;12;2121
OneMax;200;2120;RLS;2;89;12;2121
OneMax;200;2120;RLS;2;90;9;2121
OneMax;200;2120;RLS;2;91;11;2121
OneMax;200;2120;RLS;2;92;7;2121
OneMax;200;2120;RLS;2;93;8;2121
OneMax;200;2120;RLS;2;94;8;2121
OneMax;200;2120;RLS;2;95;8;2121
OneMax;200;2120;RLS;2;96;9;2121
OneMax;200;2120;RLS;2;97;6;2121
OneMax;200;2120;RLS;2;98;7;2121
OneMax;200;2120;RLS;2;99;10;2121
OneMax;500;3108;RLS;1;0;0;2515
OneMax;500;3108;RLS;1;1;0;2933
OneMax;500;3108;RLS;1;2;0;2589
OneMax;500;3108;RLS;1;3;1;3109
OneMax;500;3108;RLS;1;4;1;3109
OneMax;500;3108;RLS;1;5;1;3109
OneMax;500;3108;RLS;1;6;1;3109
OneMax;500;3108;RLS;1;7;4;3109
OneMax;500;3108;RLS;1;8;0;2671
OneMax;500;3108;RLS;1;9;1;3109
OneMax;500;3108;RLS;1;10;0;2922
OneMax;500;3108;RLS;1;11;0;2495
OneMax;500;3108;RLS;1;12;0;2492
OneMax;500;3108;RLS;1;13;1;3109
OneMax;500;3108;RLS;1;14;0;2956
OneMax;500;3108;RLS;1;15;3;3109
OneMax;500;3108;RLS;1;16;1;3109
OneMax;500;3108;RLS;1;17;0;2580
OneMax;500;3108;RLS;1;18;0;2073
OneMax;500;3108;RLS;1;19;0;2869
OneMax;500;3108;RLS;1;20;0;2912
OneMax;500;3108;RLS;1;21;1;3109
OneMax;500;3108;RLS;1;22;0;2464
OneMax;500;3108;RLS;1;23;2;3109
OneMax;500;3108;RLS;1;24;0;2542
OneMax;500;3108;RLS;1;25;1;3109
OneMax;500;3108;RLS;1;26;0;2571
OneMax;500;3108;RLS;1;27;1;3109
OneMax;500;3108;RLS;1;28;0;2446
OneMax;500;3108;RLS;1;29;1;3109
OneMax;500;3108;RLS;1;30;1;3109
OneMax;500;3108;RLS;1;31;0;2450
OneMax;500;3108;RLS;1;32;0;2421
OneMax;500;3108;RLS;1;33;1;3109
OneMax;500;3108;RLS;1;34;1;3109
OneMax;500;3108;RLS;1;35;0;2500
OneMax;500;3108;RLS;1;36;0;2887
OneMax;500;3108;RLS;1;37;0;2764
OneMax;500;3108;RLS;1;38;0;2657
OneMax;500;3108;RLS;1;39;2;3109
OneMax;500;3108;RLS;1;40;1;3109
OneMax;500;3108;RLS;1;41;0;3056
OneMax;500;3108;RLS;1;42;0;2719
OneMax;500;3108;RLS;1;43;0;2796
OneMax;500;3108;RLS;1;44;0;3079
OneMax;500;3108;RLS;1;45;2;3109
OneMax;500;3108;RLS;1;46;0;1954
OneMax;500;3108;RLS;1;47;0;2422
OneMax;500;3108;RLS;1;48;0;2096
OneMax;500;3108;RLS;1;49;2;3109
OneMax;500;3108;RLS;1;50;3;3109
OneMax;500;3108;RLS;1;51;2;3109
OneMax;500;3108;RLS;1;52;2;3109
OneMax;500;3108;RLS;1;53;1;3109
OneMax;500;3108;RLS;1;54;0;2795
OneMax;500;3108;RLS;1;55;1;3109
OneMax;500;3108;RLS;1;56;1;3109
OneMax;500;3108;RLS;1;57;0;2437
OneMax;500;3108;RLS;1;58;0;2121
OneMax;500;3108;RLS;1;59;0;2932
OneMax;500;3108;RLS;1;60;0;2722
OneMax;500;3108;RLS;1;61;1;3109
OneMax;500;3108;RLS;1;62;0;2191
OneMax;500;3108;RLS;1;63;0;2681
OneMax;500;3108;RLS;1;64;0;2506
OneMax;500;3108;RLS;1;65;0;2312
OneMax;500;3108;RLS;1;66;0;2505
OneMax;500;3108;RLS;1;67;1;3109
OneMax;500;3108;RLS;1;68;0;2773
OneMax;500;3108;RLS;1;69;0;2735
OneMax;500;3108;RLS;1;70;1;3109
OneMax;500;3108;RLS;1;71;0;2300
OneMax;500;3108;RLS;1;72;0;1933
OneMax;500;3108;RLS;1;73;0;2002
OneMax;500;3108;RLS;1;74;1;3109
OneMax;500;3108;RLS;1;75;0;2865
OneMax;500;3108;RLS;1;76;0;2664
OneMax;500;3108;RLS;1;77;1;3109
OneMax;500;3108;RLS;1;78;0;2589
OneMax;500;3108;RLS;1;79;0;2611
OneMax;500;3108;RLS;1;80;0;3069
OneMax;500;3108;RLS;1;81;0;2730
OneMax;500;3108;RLS;1;82;0;1852
OneMax;500;3108;RLS;1;83;1;3109
OneMax;500;3108;RLS;1;84;0;2414
OneMax;500;3108;RLS;1;85;0;3104
OneMax;500;3108;RLS;1;86;0;2205
OneMax;500;3108;RLS;1;87;0;2365
OneMax;500;3108;RLS;1;88;0;2102
OneMax;500;3108;RLS;1;89;0;2755
OneMax;500;3108;RLS;1;90;1;3109
OneMax;500;3108;RLS;1;91;0;2456
OneMax;500;3108;RLS;1;92;1;3109
OneMax;500;3108;RLS;1;93;1;3109
OneMax;500;3108;RLS;1;94;1;3109
OneMax;500;3108;RLS;1;95;0;2269
OneMax;500;3108;RLS;1;96;0;3078
OneMax;500;3108;RLS;1;97;0;2396
OneMax;500;3108;RLS;1;98;1;3109
OneMax;500;3108;RLS;1;99;1;3109
OneMax;500;6215;RLS;1;0;0;2491
OneMax;500;6215;RLS;1;1;0;2356
OneMax;500;6215;RLS;1;2;0;2537
OneMax;500;6215;RLS;1;3;0;3814
OneMax;500;6215;RLS;1;4;0;4003
OneMax;500;6215;RLS;1;5;0;4251
OneMax;500;6215;RLS;1;6;0;3033
OneMax;500;6215;RLS;1;7;0;2499
OneMax;500;6215;RLS;1;8;0;2445
OneMax;500;6215;RLS;1;9;0;2564
OneMax;500;6215;RLS;1;10;0;3285
OneMax;500;6215;RLS;1;11;0;2424
OneMax;500;6215;RLS;1;12;0;2264
OneMax;500;6215;RLS;1;13;0;4044
OneMax;500;6215;RLS;1;14;0;2667
OneMax;500;6215;RLS;1;15;0;3074
OneMax;500;6215;RLS;1;16;0;3497
OneMax;500;6215;RLS;1;17;0;3447
OneMax;500;6215;RLS;1;18;0;1898
OneMax;500;6215;RLS;1;19;0;2963
OneMax;500;6215;RLS;1;20;0;3888
OneMax;500;6215;RLS;1;21;0;3101
OneMax;500;6215;RLS;1;22;0;3104
OneMax;500;6215;RLS;1;23;0;3855
OneMax;500;6215;RLS;1;24;0;3543
OneMax;500;6215;RLS;1;25;0;2207
OneMax;500;6215;RLS;1;26;0;3874
OneMax;500;6215;RLS;1;27;0;3004
OneMax;500;6215;RLS;1;28;0;3560
OneMax;500;6215;RLS;1;29;0;2659
OneMax;500;6215;RLS;1;30;0;2947
OneMax;500;6215;RLS;1;31;0;3711
OneMax;500;6215;RLS;1;32;0;2087
OneMax;500;6215;RLS;1;33;0;2608
OneMax;500;6215;RLS;1;34;0;3081
OneMax;500;6215;RLS;1;35;0;2198
OneMax;500;6215;RLS;1;36;0;3039
OneMax;500;6215;RLS;1;37;0;4514
OneMax;500;6215;RLS;1;38;0;3361
OneMax;500;6215;RLS;1;39;0;2470
OneMax;500;6215;RLS;1;40;0;3338
OneMax;500;6215;RLS;1;41;0;3163
OneMax;500;6215;RLS;1;42;0;3860
OneMax;500;6215;RLS;1;43;0;2487
OneMax;500;6215;RLS;1;44;0;1945
OneMax;500;6215;RLS;1;45;0;3614
OneMax;500;6215;RLS;1;46;0;3343
OneMax;500;6215;RLS;1;47;0;3191
OneMax;500;6215;RLS;1;48;0;3247
OneMax;500;6215;RLS;1;49;0;4016
OneMax;500;6215;RLS;1;50;0;2420
OneMax;500;6215;RLS;1;51;0;3887
OneMax;500;6215;RLS;1;52;0;2951
OneMax;500;6215;RLS;1;53;0;4651
OneMax;500;6215;RLS;1;54;0;2735
OneMax;500;6215;RLS;1;55;0;3940
OneMax;500;6215;RLS;1;56;0;3094
OneMax;500;6215;RLS;1;57;0;2460
OneMax;500;6215;RLS;1;58;0;2615
OneMax;500;6215;RLS;1;59;0;2483
OneMax;500;6215;RLS;1;60;0;3350
OneMax;500;6215;RLS;1;61;0;3119
OneMax;500;6215;RLS;1;62;0;3631
OneMax;500;6215;RLS;1;63;0;2369
OneMax;500;6215;RLS;1;64;0;4677
OneMax;500;6215;RLS;1;65;0;5274
OneMax;500;6215;RLS;1;66;0;2993
OneMax;500;6215;RLS;1;67;0;3100
OneMax;500;6215;RLS;1;68;0;3019
OneMax;500;6215;RLS;1;69;0;2323
OneMax;500;6215;RLS;1;70;0;3067
OneMax;500;6215;RLS;1;71;0;2556
OneMax;500;6215;RLS;1;72;0;3372
OneMax;500;6215;RLS;1;73;0;2694
OneMax;500;6215;RLS;1;74;0;1857
OneMax;500;6215;RLS;1;75;0;2626
OneMax;500;6215;RLS;1;76;0;3360
OneMax;500;6215;RLS;1;77;0;4158
OneMax;500;6215;RLS;1;78;0;2739
OneMax;500;6215;RLS;1;79;0;4112
OneMax;500;6215;RLS;1;80;0;3241
OneMax;500;6215;RLS;1;81;0;2202
OneMax;500;6215;RLS;1;82;0;2164
OneMax;500;6215;RLS;1;83;0;2264
OneMax;500;6215;RLS;1;84;0;3344
OneMax;500;6215;RLS;1;85;0;3344
OneMax;500;6215;RLS;1;86;0;2837
OneMax;500;6215;RLS;1;87;0;2774
OneMax;500;6215;RLS;1;88;0;2440
OneMax;500;6215;RLS;1;89;0;3355
OneMax;500;6215;RLS;1;90;0;3074
OneMax;500;6215;RLS;1;91;0;3294
OneMax;500;6215;RLS;1;92;0;2902
OneMax;500;6215;RLS;1;93;0;3894
OneMax;500;6215;RLS;1;94;0;2591
OneMax;500;6215;RLS;1;95;0;2888
OneMax;500;6215;RLS;1;96;0;3008
OneMax;500;6215;RLS;1;97;0;3338
OneMax;500;6215;RLS;1;98;0;2508
OneMax;500;6215;RLS;1;99;0;3259
OneMax;500;3108;RLS;2;0;32;3109
OneMax;500;3108;RLS;2;1;32;3109
OneMax;500;3108;RLS;2;2;20;3109
OneMax;500;3108;RLS;2;3;43;3109
OneMax;500;3108;RLS;2;4;34;3109
OneMax;500;3108;RLS;2;5;34;3109
OneMax;500;3108;RLS;2;6;34;3109
OneMax;500;3108;RLS;2;7;33;3109
OneMax;500;3108;RLS;2;8;43;3109
OneMax;500;3108;RLS;2;9;31;3109
OneMax;500;3108;RLS;2;10;39;3109
OneMax;500;3108;RLS;2;11;35;3109
OneMax;500;3108;RLS;2;12;38;3109
OneMax;500;3108;RLS;2;13;33;3109
OneMax;500;3108;RLS;2;14;33;3109
OneMax;500;3108;RLS;2;15;27;3109
OneMax;500;3108;RLS;2;16;34;3109
OneMax;500;3108;RLS;2;17;35;3109
OneMax;500;3108;RLS;2;18;40;3109
OneMax;500;3108;RLS;2;19;44;3109
OneMax;500;3108;RLS;2;20;45;3109
OneMax;500;3108;RLS;2;21;32;3109
OneMax;500;3108;RLS;2;22;48;3109
OneMax;500;3108;RLS;2;23;32;3109
OneMax;500;3108;RLS;2;24;40;3109
OneMax;500;3108;RLS;2;25;46;3109
OneMax;500;3108;RLS;2;26;42;3109
OneMax;500;3108;RLS;2;27;32;3109
OneMax;500;3108;RLS;2;28;24;3109
OneMax;500;3108;RLS;2;29;31;3109
OneMax;500;3108;RLS;2;30;41;3109
OneMax;500;3108;RLS;2;31;22;3109
OneMax;500;3108;RLS;2;32;40;3109
OneMax;500;3108;RLS;2;33;34;3109
OneMax;500;3108;RLS;2;34;39;3109
OneMax;500;3108;RLS;2;35;47;3109
OneMax;500;3108;RLS;2;36;40;3109
OneMax;500;3108;RLS;2;37;36;3109
OneMax;500;3108;RLS;2;38;33;3109
OneMax;500;3108;RLS;2;39;36;3109
OneMax;500;3108;RLS;2;40;33;3109
OneMax;500;3108;RLS;2;41;40;3109
OneMax;500;3108;RLS;2;42;37;3109
OneMax;500;3108;RLS;2;43;39;3109
OneMax;500;3108;RLS;2;44;40;3109
OneMax;500;3108;RLS;2;45;42;3109
OneMax;500;3108;RLS;2;46;34;3109
OneMax;500;3108;RLS;2;47;46;3109
OneMax;500;3108;RLS;2;48;45;3109
OneMax;500;3108;RLS;2;49;36;3109
OneMax;500;3108;RLS;2;50;38;3109
OneMax;500;3108;RLS;2;51;39;3109
OneMax;500;3108;RLS;2;52;26;3109
OneMax;500;3108;RLS;2;53;33;3109
OneMax;500;3108;RLS;2;54;43;3109
OneMax;500;3108;RLS;2;55;38;3109
OneMax;500;3108;RLS;2;56;39;3109
OneMax;500;3108;RLS;2;57;26;3109
OneMax;500;3108;RLS;2;58;35;3109
OneMax;500;3108;RLS;2;59;44;3109
OneMax;500;3108;RLS;2;60;41;3109
OneMax;500;3108;RLS;2;61;33;3109
OneMax;500;3108;RLS;2;62;44;3109
OneMax;500;3108;RLS;2;63;38;3109
OneMax;500;3108;RLS;2;64;33;3109
OneMax;500;3108;RLS;2;65;37;3109
OneMax;500;3108;RLS;2;66;34;3109
OneMax;500;3108;RLS;2;67;40;3109
OneMax;500;3108;RLS;2;68;35;3109
OneMax;500;3108;RLS;2;69;35;3109
OneMax;500;3108;RLS;2;70;38;3109
OneMax;500;3108;RLS;2;71;24;3109
OneMax;500;3108;RLS;2;72;29;3109
OneMax;500;3108;RLS;2;73;28;3109
OneMax;500;3108;RLS;2;74;46;3109
OneMax;500;3108;RLS;2;75;31;3109
OneMax;500;3108;RLS;2;76;28;3109
OneMax;500;3108;RLS;2;77;35;3109
OneMax;500;3108;RLS;2;78;41;3109
OneMax;500;3108;RLS;2;79;30;3109
OneMax;500;3108;RLS;2;80;33;3109
OneMax;500;3108;RLS;2;81;41;3109
OneMax;500;3108;RLS;2;82;36;3109
OneMax;500;3108;RLS;2;83;39;3109
OneMax;500;3108;RLS;2;84;32;3109
OneMax;500;3108;RLS;2;85;23;3109
OneMax;500;3108;RLS;2;86;38;3109
OneMax;500;3108;RLS;2;87;36;3109
OneMax;500;3108;RLS;2;88;28;3109
OneMax;500;3108;RLS;2;89;34;3109
OneMax;500;3108;RLS;2;90;41;3109
OneMax;500;3108;RLS;2;91;30;3109
OneMax;500;3108;RLS;2;92;33;3109
OneMax;500;3108;RLS;2;93;38;3109
OneMax;500;3108;RLS;2;94;38;3109
OneMax;500;3108;RLS;2;95;35;3109
OneMax;500;3108;RLS;2;96;40;3109
OneMax;500;3108;RLS;2;97;21;3109
OneMax;500;3108;RLS;2;98;42;3109
OneMax;500;3108;RLS;2;99;36;3109
OneMax;500;6215;RLS;2;0;21;6216
OneMax;500;6215;RLS;2;1;19;6216
OneMax;500;6215;RLS;2;2;21;6216
OneMax;500;6215;RLS;2;3;22;6216
OneMax;500;6215;RLS;2;4;26;6216
OneMax;500;6215;RLS;2;5;22;6216
OneMax;500;6215;RLS;2;6;18;6216
OneMax;500;6215;RLS;2;7;15;6216
OneMax;500;6215;RLS;2;8;19;6216
OneMax;500;6215;RLS;2;9;15;6216
OneMax;500;6215;RLS;2;10;21;6216
OneMax;500;6215;RLS;2;11;15;6216
OneMax;500;6215;RLS;2;12;21;6216
OneMax;500;6215;RLS;2;13;21;6216
OneMax;500;6215;RLS;2;14;25;6216
OneMax;500;6215;RLS;2;15;23;6216
OneMax;500;6215;RLS;2;16;18;6216
OneMax;500;6215;RLS;2;17;16;6216
OneMax;500;6215;RLS;2;18;24;6216
OneMax;500;6215;RLS;2;19;18;6216
OneMax;500;6215;RLS;2;20;22;6216
OneMax;500;6215;RLS;2;21;16;6216
OneMax;500;6215;RLS;2;22;18;6216
OneMax;500;6215;RLS;2;23;12;6216
OneMax;500;6215;RLS;2;24;22;6216
OneMax;500;6215;RLS;2;25;16;6216
OneMax;500;6215;RLS;2;26;15;6216
OneMax;500;6215;RLS;2;27;20;6216
OneMax;500;6215;RLS;2;28;16;6216
OneMax;500;6215;RLS;2;29;20;6216
OneMax;500;6215;RLS;2;30;22;6216
OneMax;500;6215;RLS;2;31;17;6216
OneMax;500;6215;RLS;2;32;21;6216
OneMax;500;6215;RLS;2;33;16;6216
OneMax;500;6215;RLS;2;34;19;6216
OneMax;500;6215;RLS;2;35;20;6216
OneMax;500;6215;RLS;2;36;24;6216
OneMax;500;6215;RLS;2;37;19;6216
OneMax;500;6215;RLS;2;38;23;6216
OneMax;500;6215;RLS;2;39;16;6216
OneMax;500;6215;RLS;2;40;24;6216
OneMax;500;6215;RLS;2;41;19;6216
OneMax;500;6215;RLS;2;42;19;6216
OneMax;500;6215;RLS;2;43;15;6216
OneMax;500;6215;RLS;2;44;17;6216
OneMax;500;6215;RLS;2;45;20;6216
OneMax;500;6215;RLS;2;46;18;6216
OneMax;500;6215;RLS;2;47;17;6216
OneMax;500;6215;RLS;2;48;24;6216
OneMax;500;6215;RLS;2;49;13;6216
OneMax;500;6215;RLS;2;50;13;6216
OneMax;500;6215;RLS;2;51;20;6216
OneMax;500;6215;RLS;2;52;27;6216
OneMax;500;6215;RLS;2;53;20;6216
OneMax;500;6215;RLS;2;54;16;6216
OneMax;500;6215;RLS;2;55;21;6216
OneMax;500;6215;RLS;2;56;19;6216
OneMax;500;6215;RLS;2;57;18;6216
OneMax;500;6215;RLS;2;58;20;6216
OneMax;500;6215;RLS;2;59;19;6216
OneMax;500;6215;RLS;2;60;24;6216
OneMax;500;6215;RLS;2;61;16;6216
OneMax;500;6215;RLS;2;62;20;6216
OneMax;500;6215;RLS;2;63;27;6216
OneMax;500;6215;RLS;2;64;22;6216
OneMax;500;6215;RLS;2;65;22;6216
OneMax;500;6215;RLS;2;66;23;6216
OneMax;500;6215;RLS;2;67;18;6216
OneMax;500;6215;RLS;2;68;19;6216
OneMax;500;6215;RLS;2;69;18;6216
OneMax;500;6215;RLS;2;70;21;6216
OneMax;500;6215;RLS;2;71;19;6216
OneMax;500;6215;RLS;2;72;19;6216
OneMax;500;6215;RLS;2;73;17;6216
OneMax;500;6215;RLS;2;74;19;6216
OneMax;500;6215;RLS;2;75;17;6216
OneMax;500;6215;RLS;2;76;22;6216
OneMax;500;6215;RLS;2;77;24;6216
OneMax;500;6215;RLS;2;78;21;6216
OneMax;500;6215;RLS;2;79;17;6216
OneMax;500;6215;RLS;2;80;13;6216
OneMax;500;6215;RLS;2;81;20;6216
OneMax;500;6215;RLS;2;82;17;6216
OneMax;500;6215;RLS;2;83;23;6216
OneMax;500;6215;RLS;2;84;20;6216
OneMax;500;6215;RLS;2;85;21;6216
OneMax;500;6215;RLS;2;86;17;6216
OneMax;500;6215;RLS;2;87;12;6216
OneMax;500;6215;RLS;2;88;18;6216
OneMax;500;6215;RLS;2;89;21;6216
OneMax;500;6215;RLS;2;90;19;6216
OneMax;500;6215;RLS;2;91;16;6216
OneMax;500;6215;RLS;2;92;21;6216
OneMax;500;6215;RLS;2;93;18;6216
OneMax;500;6215;RLS;2;94;16;6216
OneMax;500;6215;RLS;2;95;16;6216
OneMax;500;6215;RLS;2;96;17;6216
OneMax;500;6215;RLS;2;97;20;6216
OneMax;500;6215;RLS;2;98;20;6216
OneMax;500;6215;RLS;2;99;16;6216
