OneMax;10;63;EA;0.1;0;0;58
OneMax;10;63;EA;0.1;1;0;25
OneMax;10;63;EA;0.1;2;0;44
OneMax;10;63;EA;0.1;3;0;21
OneMax;10;63;EA;0.1;4;1;64
OneMax;10;63;EA;0.1;5;0;55
OneMax;10;63;EA;0.1;6;0;35
OneMax;10;63;EA;0.1;7;0;35
OneMax;10;63;EA;0.1;8;0;37
OneMax;10;63;EA;0.1;9;0;58
OneMax;10;63;EA;0.1;10;0;40
OneMax;10;63;EA;0.1;11;1;64
OneMax;10;63;EA;0.1;12;0;34
OneMax;10;63;EA;0.1;13;0;32
OneMax;10;63;EA;0.1;14;0;31
OneMax;10;63;EA;0.1;15;0;46
OneMax;10;63;EA;0.1;16;0;51
OneMax;10;63;EA;0.1;17;1;64
OneMax;10;63;EA;0.1;18;0;22
OneMax;10;63;EA;0.1;19;1;64
OneMax;10;63;EA;0.1;20;0;22
OneMax;10;63;EA;0.1;21;0;47
OneMax;10;63;EA;0.1;22;0;42
OneMax;10;63;EA;0.1;23;1;64
OneMax;10;63;EA;0.1;24;1;64
OneMax;10;63;EA;0.1;25;0;18
OneMax;10;63;EA;0.1;26;0;26
OneMax;10;63;EA;0.1;27;0;23
OneMax;10;63;EA;0.1;28;0;9
OneMax;10;63;EA;0.1;29;0;46
OneMax;10;63;EA;0.1;30;1;64
OneMax;10;63;EA;0.1;31;1;64
OneMax;10;63;EA;0.1;32;0;48
OneMax;10;63;EA;0.1;33;0;14
OneMax;10;63;EA;0.1;34;0;15
OneMax;10;63;EA;0.1;35;0;14
OneMax;10;63;EA;0.1;36;0;27
OneMax;10;63;EA;0.1;37;0;15
OneMax;10;63;EA;0.1;38;0;37
OneMax;10;63;EA;0.1;39;0;25
OneMax;10;63;EA;0.1;40;0;10
OneMax;10;63;EA;0.1;41;1;64
OneMax;10;63;EA;0.1;42;0;22
OneMax;10;63;EA;0.1;43;0;57
OneMax;10;63;EA;0.1;44;0;33
OneMax;10;63;EA;0.1;45;0;24
OneMax;10;63;EA;0.1;46;0;21
OneMax;10;63;EA;0.1;47;0;26
OneMax;10;63;EA;0.1;48;0;52
OneMax;10;63;EA;0.1;49;2;64
OneMax;10;63;EA;0.1;50;0;37
OneMax;10;63;EA;0.1;51;0;23
OneMax;10;63;EA;0.1;52;0;19
OneMax;10;63;EA;0.1;53;1;64
OneMax;10;63;EA;0.1;54;0;20
OneMax;10;63;EA;0.1;55;2;64
OneMax;10;63;EA;0.1;56;0;50
OneMax;10;63;EA;0.1;57;0;27
OneMax;10;63;EA;0.1;58;1;64
OneMax;10;63;EA;0.1;59;0;35
OneMax;10;63;EA;0.1;60;0;19
OneMax;10;63;EA;0.1;61;1;64
OneMax;10;63;EA;0.1;62;0;29
OneMax;10;63;EA;0.1;63;2;64
OneMax;10;63;EA;0.1;64;0;43
OneMax;10;63;EA;0.1;65;1;64
OneMax;10;63;EA;0.1;66;0;32
OneMax;10;63;EA;0.1;67;0;17
OneMax;10;63;EA;0.1;68;0;29
OneMax;10;63;EA;0.1;69;0;55
OneMax;10;63;EA;0.1;70;0;36
OneMax;10;63;EA;0.1;71;0;35
OneMax;10;63;EA;0.1;72;0;31
OneMax;10;63;EA;0.1;73;0;36
OneMax;10;63;EA;0.1;74;0;32
OneMax;10;63;EA;0.1;75;0;31
OneMax;10;63;EA;0.1;76;0;43
OneMax;10;63;EA;0.1;77;1;64
OneMax;10;63;EA;0.1;78;1;64
OneMax;10;63;EA;0.1;79;1;64
OneMax;10;63;EA;0.1;80;0;27
OneMax;10;63;EA;0.1;81;0;14
OneMax;10;63;EA;0.1;82;0;39
OneMax;10;63;EA;0.1;83;0;43
OneMax;10;63;EA;0.1;84;0;23
OneMax;10;63;EA;0.1;85;0;63
OneMax;10;63;EA;0.1;86;0;40
OneMax;10;63;EA;0.1;87;0;25
OneMax;10;63;EA;0.1;88;0;38
OneMax;10;63;EA;0.1;89;0;26
OneMax;10;63;EA;0.1;90;0;41
OneMax;10;63;EA;0.1;91;0;42
OneMax;10;63;EA;0.1;92;0;23
OneMax;10;63;EA;0.1;93;0;62
OneMax;10;63;EA;0.1;94;0;12
OneMax;10;63;EA;0.1;95;0;13
OneMax;10;63;EA;0.1;96;0;32
OneMax;10;63;EA;0.1;97;1;64
OneMax;10;63;EA;0.1;98;1;64
OneMax;10;63;EA;0.1;99;1;64
OneMax;10;126;EA;0.1;0;0;36
OneMax;10;126;EA;0.1;1;0;62
OneMax;10;126;EA;0.1;2;0;34
OneMax;10;126;EA;0.1;3;0;66
OneMax;10;126;EA;0.1;4;0;13
OneMax;10;126;EA;0.1;5;0;38
OneMax;10;126;EA;0.1;6;0;44
OneMax;10;126;EA;0.1;7;0;40
OneMax;10;126;EA;0.1;8;0;12
OneMax;10;126;EA;0.1;9;0;61
OneMax;10;126;EA;0.1;10;0;28
OneMax;10;126;EA;0.1;11;0;77
OneMax;10;126;EA;0.1;12;0;50
OneMax;10;126;EA;0.1;13;0;16
OneMax;10;126;EA;0.1;14;0;71
OneMax;10;126;EA;0.1;15;0;30
OneMax;10;126;EA;0.1;16;0;17
OneMax;10;126;EA;0.1;17;0;17
OneMax;10;126;EA;0.1;18;0;120
OneMax;10;126;EA;0.1;19;0;39
OneMax;10;126;EA;0.1;20;0;63
OneMax;10;126;EA;0.1;21;0;10
OneMax;10;126;EA;0.1;22;0;36
OneMax;10;126;EA;0.1;23;0;57
OneMax;10;126;EA;0.1;24;0;72
OneMax;10;126;EA;0.1;25;0;87
OneMax;10;126;EA;0.1;26;0;37
OneMax;10;126;EA;0.1;27;0;55
OneMax;10;126;EA;0.1;28;0;37
OneMax;10;126;EA;0.1;29;0;58
OneMax;10;126;EA;0.1;30;0;55
OneMax;10;126;EA;0.1;31;0;37
OneMax;10;126;EA;0.1;32;0;32
OneMax;10;126;EA;0.1;33;0;49
OneMax;10;126;EA;0.1;34;0;70
OneMax;10;126;EA;0.1;35;1;127
OneMax;10;126;EA;0.1;36;0;15
OneMax;10;126;EA;0.1;37;1;127
OneMax;10;126;EA;0.1;38;0;32
OneMax;10;126;EA;0.1;39;0;43
OneMax;10;126;EA;0.1;40;1;127
OneMax;10;126;EA;0.1;41;0;40
OneMax;10;126;EA;0.1;42;0;46
OneMax;10;126;EA;0.1;43;0;105
OneMax;10;126;EA;0.1;44;0;26
OneMax;10;126;EA;0.1;45;0;19
OneMax;10;126;EA;0.1;46;0;84
OneMax;10;126;EA;0.1;47;0;78
OneMax;10;126;EA;0.1;48;0;22
OneMax;10;126;EA;0.1;49;1;127
OneMax;10;126;EA;0.1;50;0;57
OneMax;10;126;EA;0.1;51;0;50
OneMax;10;126;EA;0.1;52;0;72
OneMax;10;126;EA;0.1;53;0;15
OneMax;10;126;EA;0.1;54;0;26
OneMax;10;126;EA;0.1;55;0;35
OneMax;10;126;EA;0.1;56;0;40
OneMax;10;126;EA;0.1;57;0;27
OneMax;10;126;EA;0.1;58;0;52
OneMax;10;126;EA;0.1;59;0;51
OneMax;10;126;EA;0.1;60;0;72
OneMax;10;126;EA;0.1;61;0;65
OneMax;10;126;EA;0.1;62;0;71
OneMax;10;126;EA;0.1;63;0;76
OneMax;10;126;EA;0.1;64;0;47
OneMax;10;126;EA;0.1;65;0;72
OneMax;10;126;EA;0.1;66;0;62
OneMax;10;126;EA;0.1;67;0;17
OneMax;10;126;EA;0.1;68;0;19
OneMax;10;126;EA;0.1;69;0;18
OneMax;10;126;EA;0.1;70;0;33
OneMax;10;126;EA;0.1;71;0;45
OneMax;10;126;EA;0.1;72;0;11
OneMax;10;126;EA;0.1;73;0;15
OneMax;10;126;EA;0.1;74;0;59
OneMax;10;126;EA;0.1;75;0;51
OneMax;10;126;EA;0.1;76;0;73
OneMax;10;126;EA;0.1;77;0;59
OneMax;10;126;EA;0.1;78;0;17
OneMax;10;126;EA;0.1;79;0;73
OneMax;10;126;EA;0.1;80;0;27
OneMax;10;126;EA;0.1;81;0;46
OneMax;10;126;EA;0.1;82;0;30
OneMax;10;126;EA;0.1;83;0;75
OneMax;10;126;EA;0.1;84;0;47
OneMax;10;126;EA;0.1;85;0;21
OneMax;10;126;EA;0.1;86;0;40
OneMax;10;126;EA;0.1;87;0;27
OneMax;10;126;EA;0.1;88;0;27
OneMax;10;126;EA;0.1;89;0;63
OneMax;10;126;EA;0.1;90;0;19
OneMax;10;126;EA;0.1;91;0;24
OneMax;10;126;EA;0.1;92;0;14
OneMax;10;126;EA;0.1;93;0;16
OneMax;10;126;EA;0.1;94;0;20
OneMax;10;126;EA;0.1;95;0;7
OneMax;10;126;EA;0.1;96;0;39
OneMax;10;126;EA;0.1;97;0;56
OneMax;10;126;EA;0.1;98;0;84
OneMax;10;126;EA;0.1;99;0;14
OneMax;10;63;EA;0.2;0;0;18
OneMax;10;63;EA;0.2;1;1;64
OneMax;10;63;EA;0.2;2;0;23
OneMax;10;63;EA;0.2;3;0;39
OneMax;10;63;EA;0.2;4;0;47
OneMax;10;63;EA;0.2;5;1;64
OneMax;10;63;EA;0.2;6;1;64
OneMax;10;63;EA;0.2;7;0;50
OneMax;10;63;EA;0.2;8;0;20
OneMax;10;63;EA;0.2;9;1;64
OneMax;10;63;EA;0.2;10;0;5
OneMax;10;63;EA;0.2;11;0;2
OneMax;10;63;EA;0.2;12;0;58
OneMax;10;63;EA;0.2;13;0;40
OneMax;10;63;EA;0.2;14;0;22
OneMax;10;63;EA;0.2;15;1;64
OneMax;10;63;EA;0.2;16;0;5
OneMax;10;63;EA;0.2;17;0;55
OneMax;10;63;EA;0.2;18;1;64
OneMax;10;63;EA;0.2;19;1;64
OneMax;10;63;EA;0.2;20;0;21
OneMax;10;63;EA;0.2;21;0;23
OneMax;10;63;EA;0.2;22;1;64
OneMax;10;63;EA;0.2;23;0;37
OneMax;10;63;EA;0.2;24;1;64
OneMax;10;63;EA;0.2;25;2;64
OneMax;10;63;EA;0.2;26;1;64
OneMax;10;63;EA;0.2;27;0;63
OneMax;10;63;EA;0.2;28;0;46
OneMax;10;63;EA;0.2;29;0;62
OneMax;10;63;EA;0.2;30;0;12
OneMax;10;63;EA;0.2;31;0;30
OneMax;10;63;EA;0.2;32;0;35
OneMax;10;63;EA;0.2;33;0;20
OneMax;10;63;EA;0.2;34;1;64
OneMax;10;63;EA;0.2;35;0;49
OneMax;10;63;EA;0.2;36;0;53
OneMax;10;63;EA;0.2;37;1;64
OneMax;10;63;EA;0.2;38;0;40
OneMax;10;63;EA;0.2;39;1;64
OneMax;10;63;EA;0.2;40;1;64
OneMax;10;63;EA;0.2;41;1;64
OneMax;10;63;EA;0.2;42;1;64
OneMax;10;63;EA;0.2;43;0;43
OneMax;10;63;EA;0.2;44;1;64
OneMax;10;63;EA;0.2;45;0;48
OneMax;10;63;EA;0.2;46;0;19
OneMax;10;63;EA;0.2;47;0;38
OneMax;10;63;EA;0.2;48;0;4
OneMax;10;63;EA;0.2;49;1;64
OneMax;10;63;EA;0.2;50;0;48
OneMax;10;63;EA;0.2;51;0;23
OneMax;10;63;EA;0.2;52;0;13
OneMax;10;63;EA;0.2;53;0;56
OneMax;10;63;EA;0.2;54;1;64
OneMax;10;63;EA;0.2;55;0;60
OneMax;10;63;EA;0.2;56;0;26
OneMax;10;63;EA;0.2;57;0;6
OneMax;10;63;EA;0.2;58;0;19
OneMax;10;63;EA;0.2;59;1;64
OneMax;10;63;EA;0.2;60;0;43
OneMax;10;63;EA;0.2;61;0;31
OneMax;10;63;EA;0.2;62;0;49
OneMax;10;63;EA;0.2;63;1;64
OneMax;10;63;EA;0.2;64;0;47
OneMax;10;63;EA;0.2;65;0;42
OneMax;10;63;EA;0.2;66;0;24
OneMax;10;63;EA;0.2;67;0;9
OneMax;10;63;EA;0.2;68;0;19
OneMax;10;63;EA;0.2;69;0;20
OneMax;10;63;EA;0.2;70;1;64
OneMax;10;63;EA;0.2;71;0;58
OneMax;10;63;EA;0.2;72;0;49
OneMax;10;63;EA;0.2;73;0;12
OneMax;10;63;EA;0.2;74;0;25
OneMax;10;63;EA;0.2;75;0;35
OneMax;10;63;EA;0.2;76;0;44
OneMax;10;63;EA;0.2;77;0;42
OneMax;10;63;EA;0.2;78;0;37
OneMax;10;63;EA;0.2;79;0;14
OneMax;10;63;EA;0.2;80;1;64
OneMax;10;63;EA;0.2;81;1;64
OneMax;10;63;EA;0.2;82;0;37
OneMax;10;63;EA;0.2;83;0;29
OneMax;10;63;EA;0.2;84;0;9
OneMax;10;63;EA;0.2;85;0;25
OneMax;10;63;EA;0.2;86;0;14
OneMax;10;63;EA;0.2;87;0;26
OneMax;10;63;EA;0.2;88;0;36
OneMax;10;63;EA;0.2;89;0;60
OneMax;10;63;EA;0.2;90;0;39
OneMax;10;63;EA;0.2;91;0;42
OneMax;10;63;EA;0.2;92;0;25
OneMax;10;63;EA;0.2;93;1;64
OneMax;10;63;EA;0.2;94;1;64
OneMax;10;63;EA;0.2;95;0;32
OneMax;10;63;EA;0.2;96;0;23
OneMax;10;63;EA;0.2;97;0;38
OneMax;10;63;EA;0.2;98;0;25
OneMax;10;63;EA;0.2;99;0;53
OneMax;10;126;EA;0.2;0;0;19
OneMax;10;126;EA;0.2;1;0;73
OneMax;10;126;EA;0.2;2;0;101
OneMax;10;126;EA;0.2;3;0;111
OneMax;10;126;EA;0.2;4;0;59
OneMax;10;126;EA;0.2;5;0;25
OneMax;10;126;EA;0.2;6;0;38
OneMax;10;126;EA;0.2;7;0;9
OneMax;10;126;EA;0.2;8;1;127
OneMax;10;126;EA;0.2;9;0;70
OneMax;10;126;EA;0.2;10;0;65
OneMax;10;126;EA;0.2;11;0;25
OneMax;10;126;EA;0.2;12;0;71
OneMax;10;126;EA;0.2;13;0;75
OneMax;10;126;EA;0.2;14;0;57
OneMax;10;126;EA;0.2;15;0;45
OneMax;10;126;EA;0.2;16;0;36
OneMax;10;126;EA;0.2;17;0;12
OneMax;10;126;EA;0.2;18;0;23
OneMax;10;126;EA;0.2;19;0;34
OneMax;10;126;EA;0.2;20;0;41
OneMax;10;126;EA;0.2;21;0;90
OneMax;10;126;EA;0.2;22;0;82
OneMax;10;126;EA;0.2;23;0;8
OneMax;10;126;EA;0.2;24;0;67
OneMax;10;126;EA;0.2;25;0;84
OneMax;10;126;EA;0.2;26;0;25
OneMax;10;126;EA;0.2;27;0;94
OneMax;10;126;EA;0.2;28;0;21
OneMax;10;126;EA;0.2;29;0;49
OneMax;10;126;EA;0.2;30;0;35
OneMax;10;126;EA;0.2;31;0;19
OneMax;10;126;EA;0.2;32;0;105
OneMax;10;126;EA;0.2;33;0;59
OneMax;10;126;EA;0.2;34;0;101
OneMax;10;126;EA;0.2;35;0;64
OneMax;10;126;EA;0.2;36;0;28
OneMax;10;126;EA;0.2;37;0;29
OneMax;10;126;EA;0.2;38;0;74
OneMax;10;126;EA;0.2;39;0;104
OneMax;10;126;EA;0.2;40;0;32
OneMax;10;126;EA;0.2;41;0;30
OneMax;10;126;EA;0.2;42;0;33
OneMax;10;126;EA;0.2;43;0;87
OneMax;10;126;EA;0.2;44;0;36
OneMax;10;126;EA;0.2;45;0;35
OneMax;10;126;EA;0.2;46;0;17
OneMax;10;126;EA;0.2;47;0;59
OneMax;10;126;EA;0.2;48;0;18
OneMax;10;126;EA;0.2;49;0;15
OneMax;10;126;EA;0.2;50;0;21
OneMax;10;126;EA;0.2;51;0;41
OneMax;10;126;EA;0.2;52;0;67
OneMax;10;126;EA;0.2;53;0;31
OneMax;10;126;EA;0.2;54;0;99
OneMax;10;126;EA;0.2;55;0;76
OneMax;10;126;EA;0.2;56;0;36
OneMax;10;126;EA;0.2;57;0;22
OneMax;10;126;EA;0.2;58;0;36
OneMax;10;126;EA;0.2;59;0;19
OneMax;10;126;EA;0.2;60;0;48
OneMax;10;126;EA;0.2;61;0;30
OneMax;10;126;EA;0.2;62;0;78
OneMax;10;126;EA;0.2;63;0;74
OneMax;10;126;EA;0.2;64;0;84
OneMax;10;126;EA;0.2;65;0;57
OneMax;10;126;EA;0.2;66;0;59
OneMax;10;126;EA;0.2;67;0;48
OneMax;10;126;EA;0.2;68;0;30
OneMax;10;126;EA;0.2;69;1;127
OneMax;10;126;EA;0.2;70;1;127
OneMax;10;126;EA;0.2;71;0;24
OneMax;10;126;EA;0.2;72;0;39
OneMax;10;126;EA;0.2;73;0;107
OneMax;10;126;EA;0.2;74;0;10
OneMax;10;126;EA;0.2;75;0;41
OneMax;10;126;EA;0.2;76;0;25
OneMax;10;126;EA;0.2;77;0;28
OneMax;10;126;EA;0.2;78;0;41
OneMax;10;126;EA;0.2;79;0;123
OneMax;10;126;EA;0.2;80;0;46
OneMax;10;126;EA;0.2;81;0;23
OneMax;10;126;EA;0.2;82;0;19
OneMax;10;126;EA;0.2;83;0;83
OneMax;10;126;EA;0.2;84;0;36
OneMax;10;126;EA;0.2;85;0;62
OneMax;10;126;EA;0.2;86;0;63
OneMax;10;126;EA;0.2;87;0;21
OneMax;10;126;EA;0.2;88;0;59
OneMax;10;126;EA;0.2;89;0;28
OneMax;10;126;EA;0.2;90;0;10
OneMax;10;126;EA;0.2;91;0;25
OneMax;10;126;EA;0.2;92;0;76
OneMax;10;126;EA;0.2;93;0;86
OneMax;10;126;EA;0.2;94;0;48
OneMax;10;126;EA;0.2;95;0;46
OneMax;10;126;EA;0.2;96;0;56
OneMax;10;126;EA;0.2;97;0;45
OneMax;10;126;EA;0.2;98;0;70
OneMax;10;126;EA;0.2;99;1;127
OneMax;20;163;EA;0.05;0;0;109
OneMax;20;163;EA;0.05;1;0;107
OneMax;20;163;EA;0.05;2;1;164
OneMax;20;163;EA;0.05;3;1;164
OneMax;20;163;EA;0.05;4;0;110
OneMax;20;163;EA;0.05;5;0;107
OneMax;20;163;EA;0.05;6;0;104
OneMax;20;163;EA;0.05;7;1;164
OneMax;20;163;EA;0.05;8;1;164
OneMax;20;163;EA;0.05;9;1;164
OneMax;20;163;EA;0.05;10;0;129
OneMax;20;163;EA;0.05;11;0;82
OneMax;20;163;EA;0.05;12;0;112
OneMax;20;163;EA;0.05;13;0;147
OneMax;20;163;EA;0.05;14;0;84
OneMax;20;163;EA;0.05;15;0;132
OneMax;20;163;EA;0.05;16;0;73
OneMax;20;163;EA;0.05;17;0;90
OneMax;20;163;EA;0.05;18;0;145
OneMax;20;163;EA;0.05;19;1;164
OneMax;20;163;EA;0.05;20;0;71
OneMax;20;163;EA;0.05;21;0;54
OneMax;20;163;EA;0.05;22;0;133
OneMax;20;163;EA;0.05;23;0;60
OneMax;20;163;EA;0.05;24;0;151
OneMax;20;163;EA;0.05;25;0;57
OneMax;20;163;EA;0.05;26;0;75
OneMax;20;163;EA;0.05;27;2;164
OneMax;20;163;EA;0.05;28;0;135
OneMax;20;163;EA;0.05;29;0;91
OneMax;20;163;EA;0.05;30;0;156
OneMax;20;163;EA;0.05;31;0;159
OneMax;20;163;EA;0.05;32;0;79
OneMax;20;163;EA;0.05;33;0;57
OneMax;20;163;EA;0.05;34;2;164
OneMax;20;163;EA;0.05;35;1;164
OneMax;20;163;EA;0.05;36;1;164
OneMax;20;163;EA;0.05;37;0;140
OneMax;20;163;EA;0.05;38;1;164
OneMax;20;163;EA;0.05;39;0;158
OneMax;20;163;EA;0.05;40;1;164
OneMax;20;163;EA;0.05;41;0;121
OneMax;20;163;EA;0.05;42;1;164
OneMax;20;163;EA;0.05;43;0;76
OneMax;20;163;EA;0.05;44;1;164
OneMax;20;163;EA;0.05;45;0;86
OneMax;20;163;EA;0.05;46;1;164
OneMax;20;163;EA;0.05;47;0;129
OneMax;20;163;EA;0.05;48;0;105
OneMax;20;163;EA;0.05;49;1;164
OneMax;20;163;EA;0.05;50;1;164
OneMax;20;163;EA;0.05;51;0;111
OneMax;20;163;EA;0.05;52;0;130
OneMax;20;163;EA;0.05;53;0;117
OneMax;20;163;EA;0.05;54;0;51
OneMax;20;163;EA;0.05;55;0;93
OneMax;20;163;EA;0.05;56;0;68
OneMax;20;163;EA;0.05;57;0;51
OneMax;20;163;EA;0.05;58;0;132
OneMax;20;163;EA;0.05;59;0;154
OneMax;20;163;EA;0.05;60;1;164
OneMax;20;163;EA;0.05;61;0;137
OneMax;20;163;EA;0.05;62;0;92
OneMax;20;163;EA;0.05;63;1;164
OneMax;20;163;EA;0.05;64;1;164
OneMax;20;163;EA;0.05;65;0;155
OneMax;20;163;EA;0.05;66;0;92
OneMax;20;163;EA;0.05;67;0;81
OneMax;20;163;EA;0.05;68;0;151
OneMax;20;163;EA;0.05;69;0;133
OneMax;20;163;EA;0.05;70;0;113
OneMax;20;163;EA;0.05;71;0;59
OneMax;20;163;EA;0.05;72;0;73
OneMax;20;163;EA;0.05;73;0;98
OneMax;20;163;EA;0.05;74;0;62
OneMax;20;163;EA;0.05;75;0;137
OneMax;20;163;EA;0.05;76;2;164
OneMax;20;163;EA;0.05;77;1;164
OneMax;20;163;EA;0.05;78;0;89
OneMax;20;163;EA;0.05;79;1;164
OneMax;20;163;EA;0.05;80;1;164
OneMax;20;163;EA;0.05;81;0;81
OneMax;20;163;EA;0.05;82;1;164
OneMax;20;163;EA;0.05;83;0;114
OneMax;20;163;EA;0.05;84;0;142
OneMax;20;163;EA;0.05;85;0;75
OneMax;20;163;EA;0.05;86;0;78
OneMax;20;163;EA;0.05;87;0;65
OneMax;20;163;EA;0.05;88;0;74
OneMax;20;163;EA;0.05;89;1;164
OneMax;20;163;EA;0.05;90;0;134
OneMax;20;163;EA;0.05;91;0;106
OneMax;20;163;EA;0.05;92;0;125
OneMax;20;163;EA;0.05;93;0;132
OneMax;20;163;EA;0.05;94;0;75
OneMax;20;163;EA;0.05;95;0;80
OneMax;20;163;EA;0.05;96;0;126
OneMax;20;163;EA;0.05;97;0;142
OneMax;20;163;EA;0.05;98;0;73
OneMax;20;163;EA;0.05;99;0;106
OneMax;20;326;EA;0.05;0;0;79
OneMax;20;326;EA;0.05;1;0;113
OneMax;20;326;EA;0.05;2;0;163
OneMax;20;326;EA;0.05;3;0;202
OneMax;20;326;EA;0.05;4;0;138
OneMax;20;326;EA;0.05;5;0;104
OneMax;20;326;EA;0.05;6;0;81
OneMax;20;326;EA;0.05;7;0;114
OneMax;20;326;EA;0.05;8;0;142
OneMax;20;326;EA;0.05;9;0;215
OneMax;20;326;EA;0.05;10;0;151
OneMax;20;326;EA;0.05;11;0;201
OneMax;20;326;EA;0.05;12;0;85
OneMax;20;326;EA;0.05;13;0;103
OneMax;20;326;EA;0.05;14;0;315
OneMax;20;326;EA;0.05;15;0;88
OneMax;20;326;EA;0.05;16;0;148
OneMax;20;326;EA;0.05;17;0;43
OneMax;20;326;EA;0.05;18;0;184
OneMax;20;326;EA;0.05;19;0;149
OneMax;20;326;EA;0.05;20;0;113
OneMax;20;326;EA;0.05;21;0;109
OneMax;20;326;EA;0.05;22;0;131
OneMax;20;326;EA;0.05;23;0;122
OneMax;20;326;EA;0.05;24;0;124
OneMax;20;326;EA;0.05;25;0;213
OneMax;20;326;EA;0.05;26;0;127
OneMax;20;326;EA;0.05;27;0;28
OneMax;20;326;EA;0.05;28;0;106
OneMax;20;326;EA;0.05;29;0;98
OneMax;20;326;EA;0.05;30;0;82
OneMax;20;326;EA;0.05;31;0;102
OneMax;20;326;EA;0.05;32;0;150
OneMax;20;326;EA;0.05;33;0;67
OneMax;20;326;EA;0.05;34;0;140
OneMax;20;326;EA;0.05;35;0;110
OneMax;20;326;EA;0.05;36;0;183
OneMax;20;326;EA;0.05;37;0;200
OneMax;20;326;EA;0.05;38;0;223
OneMax;20;326;EA;0.05;39;0;72
OneMax;20;326;EA;0.05;40;0;64
OneMax;20;326;EA;0.05;41;0;285
OneMax;20;326;EA;0.05;42;0;89
OneMax;20;326;EA;0.05;43;0;57
OneMax;20;326;EA;0.05;44;0;68
OneMax;20;326;EA;0.05;45;0;51
OneMax;20;326;EA;0.05;46;0;103
OneMax;20;326;EA;0.05;47;0;44
OneMax;20;326;EA;0.05;48;0;98
OneMax;20;326;EA;0.05;49;0;49
OneMax;20;326;EA;0.05;50;0;54
OneMax;20;326;EA;0.05;51;0;50
OneMax;20;326;EA;0.05;52;0;87
OneMax;20;326;EA;0.05;53;0;121
OneMax;20;326;EA;0.05;54;0;195
OneMax;20;326;EA;0.05;55;0;75
OneMax;20;326;EA;0.05;56;0;85
OneMax;20;326;EA;0.05;57;0;66
OneMax;20;326;EA;0.05;58;0;81
OneMax;20;326;EA;0.05;59;0;101
OneMax;20;326;EA;0.05;60;0;155
OneMax;20;326;EA;0.05;61;0;238
OneMax;20;326;EA;0.05;62;0;263
OneMax;20;326;EA;0.05;63;0;133
OneMax;20;326;EA;0.05;64;0;80
OneMax;20;326;EA;0.05;65;0;103
OneMax;20;326;EA;0.05;66;0;39
OneMax;20;326;EA;0.05;67;0;282
OneMax;20;326;EA;0.05;68;0;95
OneMax;20;326;EA;0.05;69;0;162
OneMax;20;326;EA;0.05;70;0;132
OneMax;20;326;EA;0.05;71;0;95
OneMax;20;326;EA;0.05;72;0;185
OneMax;20;326;EA;0.05;73;0;111
OneMax;20;326;EA;0.05;74;0;78
OneMax;20;326;EA;0.05;75;0;102
OneMax;20;326;EA;0.05;76;0;89
OneMax;20;326;EA;0.05;77;0;241
OneMax;20;326;EA;0.05;78;0;168
OneMax;20;326;EA;0.05;79;0;135
OneMax;20;326;EA;0.05;80;0;185
OneMax;20;326;EA;0.05;81;0;120
OneMax;20;326;EA;0.05;82;0;48
OneMax;20;326;EA;0.05;83;0;103
OneMax;20;326;EA;0.05;84;0;118
OneMax;20;326;EA;0.05;85;0;170
OneMax;20;326;EA;0.05;86;0;312
OneMax;20;326;EA;0.05;87;0;53
OneMax;20;326;EA;0.05;88;0;136
OneMax;20;326;EA;0.05;89;0;112
OneMax;20;326;EA;0.05;90;0;129
OneMax;20;326;EA;0.05;91;0;42
OneMax;20;326;EA;0.05;92;0;89
OneMax;20;326;EA;0.05;93;0;92
OneMax;20;326;EA;0.05;94;0;152
OneMax;20;326;EA;0.05;95;0;67
OneMax;20;326;EA;0.05;96;1;327
OneMax;20;326;EA;0.05;97;0;121
OneMax;20;326;EA;0.05;98;0;64
OneMax;20;326;EA;0.05;99;0;84
OneMax;20;163;EA;0.1;0;0;121
OneMax;20;163;EA;0.1;1;1;164
OneMax;20;163;EA;0.1;2;0;112
OneMax;20;163;EA;0.1;3;0;57
OneMax;20;163;EA;0.1;4;1;164
OneMax;20;163;EA;0.1;5;0;113
OneMax;20;163;EA;0.1;6;2;164
OneMax;20;163;EA;0.1;7;1;164
OneMax;20;163;EA;0.1;8;0;43
OneMax;20;163;EA;0.1;9;0;140
OneMax;20;163;EA;0.1;10;0;117
OneMax;20;163;EA;0.1;11;0;77
OneMax;20;163;EA;0.1;12;0;72
OneMax;20;163;EA;0.1;13;0;124
OneMax;20;163;EA;0.1;14;0;109
OneMax;20;163;EA;0.1;15;1;164
OneMax;20;163;EA;0.1;16;1;164
OneMax;20;163;EA;0.1;17;0;49
OneMax;20;163;EA;0.1;18;0;153
OneMax;20;163;EA;0.1;19;1;164
OneMax;20;163;EA;0.1;20;1;164
OneMax;20;163;EA;0.1;21;1;164
OneMax;20;163;EA;0.1;22;0;130
OneMax;20;163;EA;0.1;23;0;43
OneMax;20;163;EA;0.1;24;0;103
OneMax;20;163;EA;0.1;25;1;164
OneMax;20;163;EA;0.1;26;1;164
OneMax;20;163;EA;0.1;27;1;164
OneMax;20;163;EA;0.1;28;0;134
OneMax;20;163;EA;0.1;29;1;164
OneMax;20;163;EA;0.1;30;0;124
OneMax;20;163;EA;0.1;31;1;164
OneMax;20;163;EA;0.1;32;1;164
OneMax;20;163;EA;0.1;33;1;164
OneMax;20;163;EA;0.1;34;2;164
OneMax;20;163;EA;0.1;35;0;43
OneMax;20;163;EA;0.1;36;0;79
OneMax;20;163;EA;0.1;37;0;138
OneMax;20;163;EA;0.1;38;0;39
OneMax;20;163;EA;0.1;39;0;110
OneMax;20;163;EA;0.1;40;1;164
OneMax;20;163;EA;0.1;41;0;123
OneMax;20;163;EA;0.1;42;1;164
OneMax;20;163;EA;0.1;43;0;139
OneMax;20;163;EA;0.1;44;1;164
OneMax;20;163;EA;0.1;45;0;93
OneMax;20;163;EA;0.1;46;2;164
OneMax;20;163;EA;0.1;47;0;134
OneMax;20;163;EA;0.1;48;0;159
OneMax;20;163;EA;0.1;49;0;123
OneMax;20;163;EA;0.1;50;0;120
OneMax;20;163;EA;0.1;51;1;164
OneMax;20;163;EA;0.1;52;2;164
OneMax;20;163;EA;0.1;53;1;164
OneMax;20;163;EA;0.1;54;0;93
OneMax;20;163;EA;0.1;55;0;90
OneMax;20;163;EA;0.1;56;0;133
OneMax;20;163;EA;0.1;57;0;158
OneMax;20;163;EA;0.1;58;1;164
OneMax;20;163;EA;0.1;59;1;164
OneMax;20;163;EA;0.1;60;0;105
OneMax;20;163;EA;0.1;61;0;129
OneMax;20;163;EA;0.1;62;1;164
OneMax;20;163;EA;0.1;63;0;91
OneMax;20;163;EA;0.1;64;1;164
OneMax;20;163;EA;0.1;65;1;164
OneMax;20;163;EA;0.1;66;0;117
OneMax;20;163;EA;0.1;67;0;159
OneMax;20;163;EA;0.1;68;0;86
OneMax;20;163;EA;0.1;69;0;159
OneMax;20;163;EA;0.1;70;1;164
OneMax;20;163;EA;0.1;71;0;30
OneMax;20;163;EA;0.1;72;0;72
OneMax;20;163;EA;0.1;73;2;164
OneMax;20;163;EA;0.1;74;0;57
OneMax;20;163;EA;0.1;75;1;164
OneMax;20;163;EA;0.1;76;0;154
OneMax;20;163;EA;0.1;77;0;127
OneMax;20;163;EA;0.1;78;0;78
OneMax;20;163;EA;0.1;79;0;147
OneMax;20;163;EA;0.1;80;0;108
OneMax;20;163;EA;0.1;81;0;127
OneMax;20;163;EA;0.1;82;0;70
OneMax;20;163;EA;0.1;83;0;55
OneMax;20;163;EA;0.1;84;0;101
OneMax;20;163;EA;0.1;85;1;164
OneMax;20;163;EA;0.1;86;0;101
OneMax;20;163;EA;0.1;87;0;141
OneMax;20;163;EA;0.1;88;0;67
OneMax;20;163;EA;0.1;89;0;54
OneMax;20;163;EA;0.1;90;1;164
OneMax;20;163;EA;0.1;91;0;106
OneMax;20;163;EA;0.1;92;0;148
OneMax;20;163;EA;0.1;93;0;102
OneMax;20;163;EA;0.1;94;0;113
OneMax;20;163;EA;0.1;95;1;164
OneMax;20;163;EA;0.1;96;0;61
OneMax;20;163;EA;0.1;97;0;153
OneMax;20;163;EA;0.1;98;0;117
OneMax;20;163;EA;0.1;99;0;51
OneMax;20;326;EA;0.1;0;0;82
OneMax;20;326;EA;0.1;1;0;79
OneMax;20;326;EA;0.1;2;0;137
OneMax;20;326;EA;0.1;3;0;150
OneMax;20;326;EA;0.1;4;0;88
OneMax;20;326;EA;0.1;5;0;108
OneMax;20;326;EA;0.1;6;0;108
OneMax;20;326;EA;0.1;7;0;134
OneMax;20;326;EA;0.1;8;0;60
OneMax;20;326;EA;0.1;9;1;327
OneMax;20;326;EA;0.1;10;0;174
OneMax;20;326;EA;0.1;11;0;181
OneMax;20;326;EA;0.1;12;0;299
OneMax;20;326;EA;0.1;13;0;126
OneMax;20;326;EA;0.1;14;0;95
OneMax;20;326;EA;0.1;15;0;35
OneMax;20;326;EA;0.1;16;0;182
OneMax;20;326;EA;0.1;17;0;297
OneMax;20;326;EA;0.1;18;0;89
OneMax;20;326;EA;0.1;19;0;106
OneMax;20;326;EA;0.1;20;0;95
OneMax;20;326;EA;0.1;21;0;322
OneMax;20;326;EA;0.1;22;0;123
OneMax;20;326;EA;0.1;23;0;130
OneMax;20;326;EA;0.1;24;0;86
OneMax;20;326;EA;0.1;25;0;75
OneMax;20;326;EA;0.1;26;0;120
OneMax;20;326;EA;0.1;27;1;327
OneMax;20;326;EA;0.1;28;0;277
OneMax;20;326;EA;0.1;29;0;129
OneMax;20;326;EA;0.1;30;0;129
OneMax;20;326;EA;0.1;31;0;97
OneMax;20;326;EA;0.1;32;0;195
OneMax;20;326;EA;0.1;33;1;327
OneMax;20;326;EA;0.1;34;0;69
OneMax;20;326;EA;0.1;35;0;141
OneMax;20;326;EA;0.1;36;0;119
OneMax;20;326;EA;0.1;37;0;275
OneMax;20;326;EA;0.1;38;0;130
OneMax;20;326;EA;0.1;39;0;124
OneMax;20;326;EA;0.1;40;0;155
OneMax;20;326;EA;0.1;41;0;109
OneMax;20;326;EA;0.1;42;0;122
OneMax;20;326;EA;0.1;43;0;163
OneMax;20;326;EA;0.1;44;0;177
OneMax;20;326;EA;0.1;45;0;281
OneMax;20;326;EA;0.1;46;0;123
OneMax;20;326;EA;0.1;47;0;103
OneMax;20;326;EA;0.1;48;0;64
OneMax;20;326;EA;0.1;49;0;185
OneMax;20;326;EA;0.1;50;0;141
OneMax;20;326;EA;0.1;51;0;89
OneMax;20;326;EA;0.1;52;0;193
OneMax;20;326;EA;0.1;53;0;98
OneMax;20;326;EA;0.1;54;0;112
OneMax;20;326;EA;0.1;55;0;128
OneMax;20;326;EA;0.1;56;0;87
OneMax;20;326;EA;0.1;57;0;150
OneMax;20;326;EA;0.1;58;0;115
OneMax;20;326;EA;0.1;59;0;111
OneMax;20;326;EA;0.1;60;0;285
OneMax;20;326;EA;0.1;61;0;157
OneMax;20;326;EA;0.1;62;0;131
OneMax;20;326;EA;0.1;63;0;121
OneMax;20;326;EA;0.1;64;0;57
OneMax;20;326;EA;0.1;65;1;327
OneMax;20;326;EA;0.1;66;0;213
OneMax;20;326;EA;0.1;67;0;109
OneMax;20;326;EA;0.1;68;0;91
OneMax;20;326;EA;0.1;69;0;168
OneMax;20;326;EA;0.1;70;0;165
OneMax;20;326;EA;0.1;71;0;94
OneMax;20;326;EA;0.1;72;0;203
OneMax;20;326;EA;0.1;73;0;176
OneMax;20;326;EA;0.1;74;0;89
OneMax;20;326;EA;0.1;75;1;327
OneMax;20;326;EA;0.1;76;0;73
OneMax;20;326;EA;0.1;77;0;169
OneMax;20;326;EA;0.1;78;0;187
OneMax;20;326;EA;0.1;79;0;58
OneMax;20;326;EA;0.1;80;0;301
OneMax;20;326;EA;0.1;81;0;187
OneMax;20;326;EA;0.1;82;0;95
OneMax;20;326;EA;0.1;83;0;36
OneMax;20;326;EA;0.1;84;0;239
OneMax;20;326;EA;0.1;85;0;181
OneMax;20;326;EA;0.1;86;0;190
OneMax;20;326;EA;0.1;87;1;327
OneMax;20;326;EA;0.1;88;0;126
OneMax;20;326;EA;0.1;89;0;200
OneMax;20;326;EA;0.1;90;0;24
OneMax;20;326;EA;0.1;91;0;68
OneMax;20;326;EA;0.1;92;0;195
OneMax;20;326;EA;0.1;93;0;53
OneMax;20;326;EA;0.1;94;0;262
OneMax;20;326;EA;0.1;95;0;157
OneMax;20;326;EA;0.1;96;0;160
OneMax;20;326;EA;0.1;97;0;148
OneMax;20;326;EA;0.1;98;0;106
OneMax;20;326;EA;0.1;99;0;186
OneMax;50;532;EA;0.02;0;0;249
OneMax;50;532;EA;0.02;1;0;453
OneMax;50;532;EA;0.02;2;0;438
OneMax;50;532;EA;0.02;3;1;533
OneMax;50;532;EA;0.02;4;0;479
OneMax;50;532;EA;0.02;5;0;375
OneMax;50;532;EA;0.02;6;0;382
OneMax;50;532;EA;0.02;7;0;376
OneMax;50;532;EA;0.02;8;0;484
OneMax;50;532;EA;0.02;9;0;503
OneMax;50;532;EA;0.02;10;0;451
OneMax;50;532;EA;0.02;11;0;437
OneMax;50;532;EA;0.02;12;0;317
OneMax;50;532;EA;0.02;13;0;345
OneMax;50;532;EA;0.02;14;0;404
OneMax;50;532;EA;0.02;15;0;412
OneMax;50;532;EA;0.02;16;0;348
OneMax;50;532;EA;0.02;17;0;304
OneMax;50;532;EA;0.02;18;1;533
OneMax;50;532;EA;0.02;19;0;316
OneMax;50;532;EA;0.02;20;0;388
OneMax;50;532;EA;0.02;21;0;467
OneMax;50;532;EA;0.02;22;0;286
OneMax;50;532;EA;0.02;23;0;377
OneMax;50;532;EA;0.02;24;0;245
OneMax;50;532;EA;0.02;25;0;291
OneMax;50;532;EA;0.02;26;0;226
OneMax;50;532;EA;0.02;27;0;428
OneMax;50;532;EA;0.02;28;0;506
OneMax;50;532;EA;0.02;29;0;477
OneMax;50;532;EA;0.02;30;1;533
OneMax;50;532;EA;0.02;31;0;350
OneMax;50;532;EA;0.02;32;1;533
OneMax;50;532;EA;0.02;33;0;319
OneMax;50;532;EA;0.02;34;1;533
OneMax;50;532;EA;0.02;35;0;302
OneMax;50;532;EA;0.02;36;1;533
OneMax;50;532;EA;0.02;37;0;376
OneMax;50;532;EA;0.02;38;0;335
OneMax;50;532;EA;0.02;39;0;200
OneMax;50;532;EA;0.02;40;0;462
OneMax;50;532;EA;0.02;41;0;481
OneMax;50;532;EA;0.02;42;0;505
OneMax;50;532;EA;0.02;43;0;380
OneMax;50;532;EA;0.02;44;0;521
OneMax;50;532;EA;0.02;45;0;452
OneMax;50;532;EA;0.02;46;1;533
OneMax;50;532;EA;0.02;47;0;487
OneMax;50;532;EA;0.02;48;1;533
OneMax;50;532;EA;0.02;49;1;533
OneMax;50;532;EA;0.02;50;0;296
OneMax;50;532;EA;0.02;51;0;238
OneMax;50;532;EA;0.02;52;1;533
OneMax;50;532;EA;0.02;53;0;390
OneMax;50;532;EA;0.02;54;0;380
OneMax;50;532;EA;0.02;55;0;439
OneMax;50;532;EA;0.02;56;1;533
OneMax;50;532;EA;0.02;57;0;305
OneMax;50;532;EA;0.02;58;0;327
OneMax;50;532;EA;0.02;59;0;506
OneMax;50;532;EA;0.02;60;1;533
OneMax;50;532;EA;0.02;61;1;533
OneMax;50;532;EA;0.02;62;1;533
OneMax;50;532;EA;0.02;63;0;497
OneMax;50;532;EA;0.02;64;0;190
OneMax;50;532;EA;0.02;65;0;398
OneMax;50;532;EA;0.02;66;0;278
OneMax;50;532;EA;0.02;67;0;410
OneMax;50;532;EA;0.02;68;0;303
OneMax;50;532;EA;0.02;69;1;533
OneMax;50;532;EA;0.02;70;1;533
OneMax;50;532;EA;0.02;71;0;228
OneMax;50;532;EA;0.02;72;1;533
OneMax;50;532;EA;0.02;73;0;387
OneMax;50;532;EA;0.02;74;0;291
OneMax;50;532;EA;0.02;75;1;533
OneMax;50;532;EA;0.02;76;1;533
OneMax;50;532;EA;0.02;77;0;395
OneMax;50;532;EA;0.02;78;0;323
OneMax;50;532;EA;0.02;79;1;533
OneMax;50;532;EA;0.02;80;1;533
OneMax;50;532;EA;0.02;81;0;335
OneMax;50;532;EA;0.02;82;0;522
OneMax;50;532;EA;0.02;83;0;426
OneMax;50;532;EA;0.02;84;0;387
OneMax;50;532;EA;0.02;85;0;362
OneMax;50;532;EA;0.02;86;0;381
OneMax;50;532;EA;0.02;87;0;332
OneMax;50;532;EA;0.02;88;1;533
OneMax;50;532;EA;0.02;89;0;526
OneMax;50;532;EA;0.02;90;0;420
OneMax;50;532;EA;0.02;91;1;533
OneMax;50;532;EA;0.02;92;1;533
OneMax;50;532;EA;0.02;93;0;367
OneMax;50;532;EA;0.02;94;0;314
OneMax;50;532;EA;0.02;95;0;445
OneMax;50;532;EA;0.02;96;0;229
OneMax;50;532;EA;0.02;97;1;533
OneMax;50;532;EA;0.02;98;0;481
OneMax;50;532;EA;0.02;99;0;434
OneMax;50;1064;EA;0.02;0;0;238
OneMax;50;1064;EA;0.02;1;0;292
OneMax;50;1064;EA;0.02;2;0;441
OneMax;50;1064;EA;0.02;3;0;318
OneMax;50;1064;EA;0.02;4;0;518
OneMax;50;1064;EA;0.02;5;0;597
OneMax;50;1064;EA;0.02;6;0;366
OneMax;50;1064;EA;0.02;7;0;643
OneMax;50;1064;EA;0.02;8;0;411
OneMax;50;1064;EA;0.02;9;0;693
OneMax;50;1064;EA;0.02;10;0;217
OneMax;50;1064;EA;0.02;11;0;571
OneMax;50;1064;EA;0.02;12;0;456
OneMax;50;1064;EA;0.02;13;0;576
OneMax;50;1064;EA;0.02;14;0;463
OneMax;50;1064;EA;0.02;15;0;282
OneMax;50;1064;EA;0.02;16;0;722
OneMax;50;1064;EA;0.02;17;0;420
OneMax;50;1064;EA;0.02;18;0;754
OneMax;50;1064;EA;0.02;19;0;380
OneMax;50;1064;EA;0.02;20;0;383
OneMax;50;1064;EA;0.02;21;0;607
OneMax;50;1064;EA;0.02;22;0;334
OneMax;50;1064;EA;0.02;23;0;435
OneMax;50;1064;EA;0.02;24;0;376
OneMax;50;1064;EA;0.02;25;0;372
OneMax;50;1064;EA;0.02;26;0;301
OneMax;50;1064;EA;0.02;27;0;747
OneMax;50;1064;EA;0.02;28;0;355
OneMax;50;1064;EA;0.02;29;0;415
OneMax;50;1064;EA;0.02;30;0;297
OneMax;50;1064;EA;0.02;31;0;353
OneMax;50;1064;EA;0.02;32;0;432
OneMax;50;1064;EA;0.02;33;0;301
OneMax;50;1064;EA;0.02;34;0;418
OneMax;50;1064;EA;0.02;35;0;478
OneMax;50;1064;EA;0.02;36;0;477
OneMax;50;1064;EA;0.02;37;0;274
OneMax;50;1064;EA;0.02;38;0;257
OneMax;50;1064;EA;0.02;39;0;417
OneMax;50;1064;EA;0.02;40;0;556
OneMax;50;1064;EA;0.02;41;0;531
OneMax;50;1064;EA;0.02;42;0;555
OneMax;50;1064;EA;0.02;43;0;626
OneMax;50;1064;EA;0.02;44;0;437
OneMax;50;1064;EA;0.02;45;0;439
OneMax;50;1064;EA;0.02;46;0;367
OneMax;50;1064;EA;0.02;47;0;379
OneMax;50;1064;EA;0.02;48;0;269
OneMax;50;1064;EA;0.02;49;0;534
OneMax;50;1064;EA;0.02;50;0;431
OneMax;50;1064;EA;0.02;51;0;476
OneMax;50;1064;EA;0.02;52;0;294
OneMax;50;1064;EA;0.02;53;0;392
OneMax;50;1064;EA;0.02;54;0;376
OneMax;50;1064;EA;0.02;55;0;249
OneMax;50;1064;EA;0.02;56;0;518
OneMax;50;1064;EA;0.02;57;0;298
OneMax;50;1064;EA;0.02;58;0;591
OneMax;50;1064;EA;0.02;59;0;581
OneMax;50;1064;EA;0.02;60;0;345
OneMax;50;1064;EA;0.02;61;0;337
OneMax;50;1064;EA;0.02;62;0;558
OneMax;50;1064;EA;0.02;63;0;432
OneMax;50;1064;EA;0.02;64;0;345
OneMax;50;1064;EA;0.02;65;0;351
OneMax;50;1064;EA;0.02;66;0;429
OneMax;50;1064;EA;0.02;67;0;464
OneMax;50;1064;EA;0.02;68;0;536
OneMax;50;1064;EA;0.02;69;0;435
OneMax;50;1064;EA;0.02;70;0;279
OneMax;50;1064;EA;0.02;71;0;532
OneMax;50;1064;EA;0.02;72;0;394
OneMax;50;1064;EA;0.02;73;0;787
OneMax;50;1064;EA;0.02;74;0;705
OneMax;50;1064;EA;0.02;75;0;487
OneMax;50;1064;EA;0.02;76;0;413
OneMax;50;1064;EA;0.02;77;0;332
OneMax;50;1064;EA;0.02;78;0;407
OneMax;50;1064;EA;0.02;79;0;315
OneMax;50;1064;EA;0.02;80;0;402
OneMax;50;1064;EA;0.02;81;0;353
OneMax;50;1064;EA;0.02;82;0;544
OneMax;50;1064;EA;0.02;83;0;1027
OneMax;50;1064;EA;0.02;84;0;290
OneMax;50;1064;EA;0.02;85;0;472
OneMax;50;1064;EA;0.02;86;0;350
OneMax;50;1064;EA;0.02;87;0;526
OneMax;50;1064;EA;0.02;88;0;530
OneMax;50;1064;EA;0.02;89;0;393
OneMax;50;1064;EA;0.02;90;0;632
OneMax;50;1064;EA;0.02;91;0;238
OneMax;50;1064;EA;0.02;92;0;294
OneMax;50;1064;EA;0.02;93;0;257
OneMax;50;1064;EA;0.02;94;0;596
OneMax;50;1064;EA;0.02;95;0;758
OneMax;50;1064;EA;0.02;96;0;608
OneMax;50;1064;EA;0.02;97;0;346
OneMax;50;1064;EA;0.02;98;0;434
OneMax;50;1064;EA;0.02;99;0;330
OneMax;50;532;EA;0.04;0;1;533
OneMax;50;532;EA;0.04;1;1;533
OneMax;50;532;EA;0.04;2;0;477
OneMax;50;532;EA;0.04;3;0;317
OneMax;50;532;EA;0.04;4;0;248
OneMax;50;532;EA;0.04;5;0;253
OneMax;50;532;EA;0.04;6;0;312
OneMax;50;532;EA;0.04;7;1;533
OneMax;50;532;EA;0.04;8;0;327
OneMax;50;532;EA;0.04;9;0;445
OneMax;50;532;EA;0.04;10;0;340
OneMax;50;532;EA;0.04;11;0;224
OneMax;50;532;EA;0.04;12;0;323
OneMax;50;532;EA;0.04;13;3;533
OneMax;50;532;EA;0.04;14;0;529
OneMax;50;532;EA;0.04;15;0;279
OneMax;50;532;EA;0.04;16;0;282
OneMax;50;532;EA;0.04;17;0;483
OneMax;50;532;EA;0.04;18;1;533
OneMax;50;532;EA;0.04;19;1;533
OneMax;50;532;EA;0.04;20;0;488
OneMax;50;532;EA;0.04;21;1;533
OneMax;50;532;EA;0.04;22;0;327
OneMax;50;532;EA;0.04;23;0;398
OneMax;50;532;EA;0.04;24;1;533
OneMax;50;532;EA;0.04;25;0;316
OneMax;50;532;EA;0.04;26;0;427
OneMax;50;532;EA;0.04;27;0;358
OneMax;50;532;EA;0.04;28;0;405
OneMax;50;532;EA;0.04;29;0;340
OneMax;50;532;EA;0.04;30;0;367
OneMax;50;532;EA;0.04;31;0;447
OneMax;50;532;EA;0.04;32;0;443
OneMax;50;532;EA;0.04;33;0;456
OneMax;50;532;EA;0.04;34;1;533
OneMax;50;532;EA;0.04;35;1;533
OneMax;50;532;EA;0.04;36;0;372
OneMax;50;532;EA;0.04;37;1;533
OneMax;50;532;EA;0.04;38;1;533
OneMax;50;532;EA;0.04;39;0;350
OneMax;50;532;EA;0.04;40;1;533
OneMax;50;532;EA;0.04;41;1;533
OneMax;50;532;EA;0.04;42;0;489
OneMax;50;532;EA;0.04;43;0;342
OneMax;50;532;EA;0.04;44;1;533
OneMax;50;532;EA;0.04;45;1;533
OneMax;50;532;EA;0.04;46;1;533
OneMax;50;532;EA;0.04;47;0;362
OneMax;50;532;EA;0.04;48;0;397
OneMax;50;532;EA;0.04;49;0;362
OneMax;50;532;EA;0.04;50;1;533
OneMax;50;532;EA;0.04;51;1;533
OneMax;50;532;EA;0.04;52;1;533
OneMax;50;532;EA;0.04;53;1;533
OneMax;50;532;EA;0.04;54;1;533
OneMax;50;532;EA;0.04;55;1;533
OneMax;50;532;EA;0.04;56;2;533
OneMax;50;532;EA;0.04;57;1;533
OneMax;50;532;EA;0.04;58;0;388
OneMax;50;532;EA;0.04;59;0;307
OneMax;50;532;EA;0.04;60;0;425
OneMax;50;532;EA;0.04;61;1;533
OneMax;50;532;EA;0.04;62;0;520
OneMax;50;532;EA;0.04;63;1;533
OneMax;50;532;EA;0.04;64;0;223
OneMax;50;532;EA;0.04;65;0;436
OneMax;50;532;EA;0.04;66;0;350
OneMax;50;532;EA;0.04;67;0;383
OneMax;50;532;EA;0.04;68;1;533
OneMax;50;532;EA;0.04;69;0;260
OneMax;50;532;EA;0.04;70;0;334
OneMax;50;532;EA;0.04;71;0;309
OneMax;50;532;EA;0.04;72;1;533
OneMax;50;532;EA;0.04;73;0;485
OneMax;50;532;EA;0.04;74;1;533
OneMax;50;532;EA;0.04;75;0;251
OneMax;50;532;EA;0.04;76;0;354
OneMax;50;532;EA;0.04;77;0;318
OneMax;50;532;EA;0.04;78;0;399
OneMax;50;532;EA;0.04;79;0;395
OneMax;50;532;EA;0.04;80;0;408
OneMax;50;532;EA;0.04;81;0;478
OneMax;50;532;EA;0.04;82;1;533
OneMax;50;532;EA;0.04;83;2;533
OneMax;50;532;EA;0.04;84;0;442
OneMax;50;532;EA;0.04;85;1;533
OneMax;50;532;EA;0.04;86;1;533
OneMax;50;532;EA;0.04;87;1;533
OneMax;50;532;EA;0.04;88;0;279
OneMax;50;532;EA;0.04;89;1;533
OneMax;50;532;EA;0.04;90;1;533
OneMax;50;532;EA;0.04;91;1;533
OneMax;50;532;EA;0.04;92;0;444
OneMax;50;532;EA;0.04;93;1;533
OneMax;50;532;EA;0.04;94;1;533
OneMax;50;532;EA;0.04;95;0;472
OneMax;50;532;EA;0.04;96;1;533
OneMax;50;532;EA;0.04;97;0;234
OneMax;50;532;EA;0.04;98;2;533
OneMax;50;532;EA;0.04;99;0;366
OneMax;50;1064;EA;0.04;0;0;198
OneMax;50;1064;EA;0.04;1;0;263
OneMax;50;1064;EA;0.04;2;0;603
OneMax;50;1064;EA;0.04;3;0;384
OneMax;50;1064;EA;0.04;4;0;811
OneMax;50;1064;EA;0.04;5;0;602
OneMax;50;1064;EA;0.04;6;0;674
OneMax;50;1064;EA;0.04;7;0;445
OneMax;50;1064;EA;0.04;8;0;646
OneMax;50;1064;EA;0.04;9;0;752
OneMax;50;1064;EA;0.04;10;0;430
OneMax;50;1064;EA;0.04;11;0;697
OneMax;50;1064;EA;0.04;12;0;413
OneMax;50;1064;EA;0.04;13;0;257
OneMax;50;1064;EA;0.04;14;0;241
OneMax;50;1064;EA;0.04;15;0;541
OneMax;50;1064;EA;0.04;16;0;412
OneMax;50;1064;EA;0.04;17;0;452
OneMax;50;1064;EA;0.04;18;1;1065
OneMax;50;1064;EA;0.04;19;0;440
OneMax;50;1064;EA;0.04;20;0;248
OneMax;50;1064;EA;0.04;21;0;345
OneMax;50;1064;EA;0.04;22;0;353
OneMax;50;1064;EA;0.04;23;0;775
OneMax;50;1064;EA;0.04;24;0;639
OneMax;50;1064;EA;0.04;25;0;712
OneMax;50;1064;EA;0.04;26;0;416
OneMax;50;1064;EA;0.04;27;0;266
OneMax;50;1064;EA;0.04;28;0;229
OneMax;50;1064;EA;0.04;29;0;489
OneMax;50;1064;EA;0.04;30;0;416
OneMax;50;1064;EA;0.04;31;0;384
OneMax;50;1064;EA;0.04;32;0;407
OneMax;50;1064;EA;0.04;33;0;174
OneMax;50;1064;EA;0.04;34;0;313
OneMax;50;1064;EA;0.04;35;0;675
OneMax;50;1064;EA;0.04;36;0;468
OneMax;50;1064;EA;0.04;37;0;568
OneMax;50;1064;EA;0.04;38;0;496
OneMax;50;1064;EA;0.04;39;0;483
OneMax;50;1064;EA;0.04;40;0;486
OneMax;50;1064;EA;0.04;41;0;297
OneMax;50;1064;EA;0.04;42;0;214
OneMax;50;1064;EA;0.04;43;0;762
OneMax;50;1064;EA;0.04;44;0;458
OneMax;50;1064;EA;0.04;45;0;413
OneMax;50;1064;EA;0.04;46;0;366
OneMax;50;1064;EA;0.04;47;0;436
OneMax;50;1064;EA;0.04;48;0;526
OneMax;50;1064;EA;0.04;49;0;262
OneMax;50;1064;EA;0.04;50;0;234
OneMax;50;1064;EA;0.04;51;0;392
OneMax;50;1064;EA;0.04;52;0;481
OneMax;50;1064;EA;0.04;53;0;620
OneMax;50;1064;EA;0.04;54;0;546
OneMax;50;1064;EA;0.04;55;0;244
OneMax;50;1064;EA;0.04;56;0;222
OneMax;50;1064;EA;0.04;57;0;336
OneMax;50;1064;EA;0.04;58;0;185
OneMax;50;1064;EA;0.04;59;0;186
OneMax;50;1064;EA;0.04;60;0;464
OneMax;50;1064;EA;0.04;61;0;434
OneMax;50;1064;EA;0.04;62;0;527
OneMax;50;1064;EA;0.04;63;0;357
OneMax;50;1064;EA;0.04;64;0;469
OneMax;50;1064;EA;0.04;65;1;1065
OneMax;50;1064;EA;0.04;66;0;887
OneMax;50;1064;EA;0.04;67;0;517
OneMax;50;1064;EA;0.04;68;0;240
OneMax;50;1064;EA;0.04;69;0;293
OneMax;50;1064;EA;0.04;70;0;414
OneMax;50;1064;EA;0.04;71;0;429
OneMax;50;1064;EA;0.04;72;0;640
OneMax;50;1064;EA;0.04;73;0;428
OneMax;50;1064;EA;0.04;74;0;385
OneMax;50;1064;EA;0.04;75;0;704
OneMax;50;1064;EA;0.04;76;0;491
OneMax;50;1064;EA;0.04;77;0;581
OneMax;50;1064;EA;0.04;78;0;762
OneMax;50;1064;EA;0.04;79;0;889
OneMax;50;1064;EA;0.04;80;0;495
OneMax;50;1064;EA;0.04;81;0;326
OneMax;50;1064;EA;0.04;82;0;331
OneMax;50;1064;EA;0.04;83;0;606
OneMax;50;1064;EA;0.04;84;0;395
OneMax;50;1064;EA;0.04;85;0;360
OneMax;50;1064;EA;0.04;86;0;618
OneMax;50;1064;EA;0.04;87;0;374
OneMax;50;1064;EA;0.04;88;0;363
OneMax;50;1064;EA;0.04;89;0;793
OneMax;50;1064;EA;0.04;90;0;435
OneMax;50;1064;EA;0.04;91;0;618
OneMax;50;1064;EA;0.04;92;0;274
OneMax;50;1064;EA;0.04;93;0;500
OneMax;50;1064;EA;0.04;94;0;619
OneMax;50;1064;EA;0.04;95;0;426
OneMax;50;1064;EA;0.04;96;0;301
OneMax;50;1064;EA;0.04;97;0;247
OneMax;50;1064;EA;0.04;98;0;395
OneMax;50;1064;EA;0.04;99;0;506
OneMax;100;1252;EA;0.01;0;0;1116
OneMax;100;1252;EA;0.01;1;0;1171
OneMax;100;1252;EA;0.01;2;0;952
OneMax;100;1252;EA;0.01;3;1;1253
OneMax;100;1252;EA;0.01;4;0;972
OneMax;100;1252;EA;0.01;5;0;721
OneMax;100;1252;EA;0.01;6;0;815
OneMax;100;1252;EA;0.01;7;0;724
OneMax;100;1252;EA;0.01;8;1;1253
OneMax;100;1252;EA;0.01;9;0;787
OneMax;100;1252;EA;0.01;10;1;1253
OneMax;100;1252;EA;0.01;11;1;1253
OneMax;100;1252;EA;0.01;12;0;1114
OneMax;100;1252;EA;0.01;13;0;1016
OneMax;100;1252;EA;0.01;14;0;513
OneMax;100;1252;EA;0.01;15;0;1005
OneMax;100;1252;EA;0.01;16;0;1000
OneMax;100;1252;EA;0.01;17;0;1151
OneMax;100;1252;EA;0.01;18;1;1253
OneMax;100;1252;EA;0.01;19;1;1253
OneMax;100;1252;EA;0.01;20;0;880
OneMax;100;1252;EA;0.01;21;0;678
OneMax;100;1252;EA;0.01;22;0;848
OneMax;100;1252;EA;0.01;23;0;639
OneMax;100;1252;EA;0.01;24;0;880
OneMax;100;1252;EA;0.01;25;1;1253
OneMax;100;1252;EA;0.01;26;1;1253
OneMax;100;1252;EA;0.01;27;0;901
OneMax;100;1252;EA;0.01;28;1;1253
OneMax;100;1252;EA;0.01;29;0;777
OneMax;100;1252;EA;0.01;30;0;553
OneMax;100;1252;EA;0.01;31;0;871
OneMax;100;1252;EA;0.01;32;0;565
OneMax;100;1252;EA;0.01;33;0;1072
OneMax;100;1252;EA;0.01;34;1;1253
OneMax;100;1252;EA;0.01;35;0;1104
OneMax;100;1252;EA;0.01;36;0;1037
OneMax;100;1252;EA;0.01;37;0;882
OneMax;100;1252;EA;0.01;38;0;845
OneMax;100;1252;EA;0.01;39;0;907
OneMax;100;1252;EA;0.01;40;1;1253
OneMax;100;1252;EA;0.01;41;1;1253
OneMax;100;1252;EA;0.01;42;0;1003
OneMax;100;1252;EA;0.01;43;0;1111
OneMax;100;1252;EA;0.01;44;0;1169
OneMax;100;1252;EA;0.01;45;0;901
OneMax;100;1252;EA;0.01;46;0;871
OneMax;100;1252;EA;0.01;47;1;1253
OneMax;100;1252;EA;0.01;48;0;867
OneMax;100;1252;EA;0.01;49;0;719
OneMax;100;1252;EA;0.01;50;1;1253
OneMax;100;1252;EA;0.01;51;0;1094
OneMax;100;1252;EA;0.01;52;1;1253
OneMax;100;1252;EA;0.01;53;0;729
OneMax;100;1252;EA;0.01;54;1;1253
OneMax;100;1252;EA;0.01;55;0;1039
OneMax;100;1252;EA;0.01;56;0;1197
OneMax;100;1252;EA;0.01;57;1;1253
OneMax;100;1252;EA;0.01;58;0;968
OneMax;100;1252;EA;0.01;59;0;1080
OneMax;100;1252;EA;0.01;60;2;1253
OneMax;100;1252;EA;0.01;61;0;911
OneMax;100;1252;EA;0.01;62;1;1253
OneMax;100;1252;EA;0.01;63;0;957
OneMax;100;1252;EA;0.01;64;0;826
OneMax;100;1252;EA;0.01;65;0;1088
OneMax;100;1252;EA;0.01;66;0;865
OneMax;100;1252;EA;0.01;67;0;870
OneMax;100;1252;EA;0.01;68;0;757
OneMax;100;1252;EA;0.01;69;0;1056
OneMax;100;1252;EA;0.01;70;0;1178
OneMax;100;1252;EA;0.01;71;1;1253
OneMax;100;1252;EA;0.01;72;1;1253
OneMax;100;1252;EA;0.01;73;0;1104
OneMax;100;1252;EA;0.01;74;0;807
OneMax;100;1252;EA;0.01;75;0;1150
OneMax;100;1252;EA;0.01;76;0;893
OneMax;100;1252;EA;0.01;77;0;959
OneMax;100;1252;EA;0.01;78;0;700
OneMax;100;1252;EA;0.01;79;0;1036
OneMax;100;1252;EA;0.01;80;0;798
OneMax;100;1252;EA;0.01;81;1;1253
OneMax;100;1252;EA;0.01;82;0;898
OneMax;100;1252;EA;0.01;83;0;1205
OneMax;100;1252;EA;0.01;84;0;810
OneMax;100;1252;EA;0.01;85;0;1096
OneMax;100;1252;EA;0.01;86;0;904
OneMax;100;1252;EA;0.01;87;0;1051
OneMax;100;1252;EA;0.01;88;0;848
OneMax;100;1252;EA;0.01;89;0;776
OneMax;100;1252;EA;0.01;90;1;1253
OneMax;100;1252;EA;0.01;91;0;745
OneMax;100;1252;EA;0.01;92;0;689
OneMax;100;1252;EA;0.01;93;1;1253
OneMax;100;1252;EA;0.01;94;0;1184
OneMax;100;1252;EA;0.01;95;1;1253
OneMax;100;1252;EA;0.01;96;0;747
OneMax;100;1252;EA;0.01;97;0;956
OneMax;100;1252;EA;0.01;98;0;1143
OneMax;100;1252;EA;0.01;99;0;967
OneMax;100;2504;EA;0.01;0;0;755
OneMax;100;2504;EA;0.01;1;0;968
OneMax;100;2504;EA;0.01;2;0;1139
OneMax;100;2504;EA;0.01;3;0;893
OneMax;100;2504;EA;0.01;4;0;925
OneMax;100;2504;EA;0.01;5;0;761
OneMax;100;2504;EA;0.01;6;0;887
OneMax;100;2504;EA;0.01;7;0;1113
OneMax;100;2504;EA;0.01;8;0;811
OneMax;100;2504;EA;0.01;9;0;1023
OneMax;100;2504;EA;0.01;10;0;691
OneMax;100;2504;EA;0.01;11;0;875
OneMax;100;2504;EA;0.01;12;0;559
OneMax;100;2504;EA;0.01;13;0;919
OneMax;100;2504;EA;0.01;14;0;1070
OneMax;100;2504;EA;0.01;15;0;1323
OneMax;100;2504;EA;0.01;16;0;1012
OneMax;100;2504;EA;0.01;17;0;928
OneMax;100;2504;EA;0.01;18;0;1083
OneMax;100;2504;EA;0.01;19;0;852
OneMax;100;2504;EA;0.01;20;0;882
OneMax;100;2504;EA;0.01;21;0;1223
OneMax;100;2504;EA;0.01;22;0;987
OneMax;100;2504;EA;0.01;23;0;1112
OneMax;100;2504;EA;0.01;24;0;651
OneMax;100;2504;EA;0.01;25;0;841
OneMax;100;2504;EA;0.01;26;0;1095
OneMax;100;2504;EA;0.01;27;0;788
OneMax;100;2504;EA;0.01;28;0;1877
OneMax;100;2504;EA;0.01;29;0;1091
OneMax;100;2504;EA;0.01;30;0;799
OneMax;100;2504;EA;0.01;31;0;836
OneMax;100;2504;EA;0.01;32;0;954
OneMax;100;2504;EA;0.01;33;0;1068
OneMax;100;2504;EA;0.01;34;0;964
OneMax;100;2504;EA;0.01;35;0;928
OneMax;100;2504;EA;0.01;36;0;1351
OneMax;100;2504;EA;0.01;37;0;781
OneMax;100;2504;EA;0.01;38;0;1302
OneMax;100;2504;EA;0.01;39;0;1432
OneMax;100;2504;EA;0.01;40;0;1640
OneMax;100;2504;EA;0.01;41;0;955
OneMax;100;2504;EA;0.01;42;0;665
OneMax;100;2504;EA;0.01;43;0;690
OneMax;100;2504;EA;0.01;44;0;792
OneMax;100;2504;EA;0.01;45;0;986
OneMax;100;2504;EA;0.01;46;0;877
OneMax;100;2504;EA;0.01;47;0;1176
OneMax;100;2504;EA;0.01;48;0;889
OneMax;100;2504;EA;0.01;49;0;1019
OneMax;100;2504;EA;0.01;50;0;1077
OneMax;100;2504;EA;0.01;51;0;891
OneMax;100;2504;EA;0.01;52;0;1239
OneMax;100;2504;EA;0.01;53;0;1086
OneMax;100;2504;EA;0.01;54;0;1030
OneMax;100;2504;EA;0.01;55;0;769
OneMax;100;2504;EA;0.01;56;0;1528
OneMax;100;2504;EA;0.01;57;0;1756
OneMax;100;2504;EA;0.01;58;0;742
OneMax;100;2504;EA;0.01;59;0;613
OneMax;100;2504;EA;0.01;60;0;938
OneMax;100;2504;EA;0.01;61;0;853
OneMax;100;2504;EA;0.01;62;0;891
OneMax;100;2504;EA;0.01;63;0;1162
OneMax;100;2504;EA;0.01;64;0;1445
OneMax;100;2504;EA;0.01;65;0;1347
OneMax;100;2504;EA;0.01;66;0;1585
OneMax;100;2504;EA;0.01;67;0;614
OneMax;100;2504;EA;0.01;68;0;1051
OneMax;100;2504;EA;0.01;69;0;1189
OneMax;100;2504;EA;0.01;70;0;2112
OneMax;100;2504;EA;0.01;71;0;691
OneMax;100;2504;EA;0.01;72;0;1016
OneMax;100;2504;EA;0.01;73;0;766
OneMax;100;2504;EA;0.01;74;0;1155
OneMax;100;2504;EA;0.01;75;0;729
OneMax;100;2504;EA;0.01;76;0;1841
OneMax;100;2504;EA;0.01;77;0;801
OneMax;100;2504;EA;0.01;78;0;730
OneMax;100;2504;EA;0.01;79;0;1056
OneMax;100;2504;EA;0.01;80;0;1074
OneMax;100;2504;EA;0.01;81;0;1175
OneMax;100;2504;EA;0.01;82;0;1240
OneMax;100;2504;EA;0.01;83;0;1763
OneMax;100;2504;EA;0.01;84;0;1310
OneMax;100;2504;EA;0.01;85;0;1751
OneMax;100;2504;EA;0.01;86;0;1456
OneMax;100;2504;EA;0.01;87;0;1091
OneMax;100;2504;EA;0.01;88;0;649
OneMax;100;2504;EA;0.01;89;0;1216
OneMax;100;2504;EA;0.01;90;0;789
OneMax;100;2504;EA;0.01;91;0;461
OneMax;100;2504;EA;0.01;92;0;1040
OneMax;100;2504;EA;0.01;93;0;1220
OneMax;100;2504;EA;0.01;94;0;873
OneMax;100;2504;EA;0.01;95;0;1169
OneMax;100;2504;EA;0.01;96;0;1266
OneMax;100;2504;EA;0.01;97;0;1119
OneMax;100;2504;EA;0.01;98;0;1281
OneMax;100;2504;EA;0.01;99;0;727
OneMax;100;1252;EA;0.02;0;0;562
OneMax;100;1252;EA;0.02;1;0;713
OneMax;100;1252;EA;0.02;2;1;1253
OneMax;100;1252;EA;0.02;3;0;875
OneMax;100;1252;EA;0.02;4;1;1253
OneMax;100;1252;EA;0.02;5;0;813
OneMax;100;1252;EA;0.02;6;1;1253
OneMax;100;1252;EA;0.02;7;0;1116
OneMax;100;1252;EA;0.02;8;0;1018
OneMax;100;1252;EA;0.02;9;0;994
OneMax;100;1252;EA;0.02;10;2;1253
OneMax;100;1252;EA;0.02;11;1;1253
OneMax;100;1252;EA;0.02;12;0;824
OneMax;100;1252;EA;0.02;13;2;1253
OneMax;100;1252;EA;0.02;14;1;1253
OneMax;100;1252;EA;0.02;15;1;1253
OneMax;100;1252;EA;0.02;16;0;1022
OneMax;100;1252;EA;0.02;17;0;953
OneMax;100;1252;EA;0.02;18;1;1253
OneMax;100;1252;EA;0.02;19;1;1253
OneMax;100;1252;EA;0.02;20;0;983
OneMax;100;1252;EA;0.02;21;1;1253
OneMax;100;1252;EA;0.02;22;1;1253
OneMax;100;1252;EA;0.02;23;1;1253
OneMax;100;1252;EA;0.02;24;3;1253
OneMax;100;1252;EA;0.02;25;1;1253
OneMax;100;1252;EA;0.02;26;2;1253
OneMax;100;1252;EA;0.02;27;0;1040
OneMax;100;1252;EA;0.02;28;0;901
OneMax;100;1252;EA;0.02;29;1;1253
OneMax;100;1252;EA;0.02;30;0;1230
OneMax;100;1252;EA;0.02;31;0;625
OneMax;100;1252;EA;0.02;32;1;1253
OneMax;100;1252;EA;0.02;33;0;994
OneMax;100;1252;EA;0.02;34;1;1253
OneMax;100;1252;EA;0.02;35;1;1253
OneMax;100;1252;EA;0.02;36;0;906
OneMax;100;1252;EA;0.02;37;2;1253
OneMax;100;1252;EA;0.02;38;0;639
OneMax;100;1252;EA;0.02;39;1;1253
OneMax;100;1252;EA;0.02;40;0;1231
OneMax;100;1252;EA;0.02;41;0;936
OneMax;100;1252;EA;0.02;42;0;845
OneMax;100;1252;EA;0.02;43;1;1253
OneMax;100;1252;EA;0.02;44;1;1253
OneMax;100;1252;EA;0.02;45;0;1194
OneMax;100;1252;EA;0.02;46;2;1253
OneMax;100;1252;EA;0.02;47;0;694
OneMax;100;1252;EA;0.02;48;0;851
OneMax;100;1252;EA;0.02;49;1;1253
OneMax;100;1252;EA;0.02;50;0;1225
OneMax;100;1252;EA;0.02;51;0;1093
OneMax;100;1252;EA;0.02;52;0;991
OneMax;100;1252;EA;0.02;53;1;1253
OneMax;100;1252;EA;0.02;54;0;999
OneMax;100;1252;EA;0.02;55;0;1138
OneMax;100;1252;EA;0.02;56;1;1253
OneMax;100;1252;EA;0.02;57;0;1091
OneMax;100;1252;EA;0.02;58;4;1253
OneMax;100;1252;EA;0.02;59;0;930
OneMax;100;1252;EA;0.02;60;2;1253
OneMax;100;1252;EA;0.02;61;1;1253
OneMax;100;1252;EA;0.02;62;2;1253
OneMax;100;1252;EA;0.02;63;0;898
OneMax;100;1252;EA;0.02;64;1;1253
OneMax;100;1252;EA;0.02;65;0;932
OneMax;100;1252;EA;0.02;66;0;970
OneMax;100;1252;EA;0.02;67;0;614
OneMax;100;1252;EA;0.02;68;1;1253
OneMax;100;1252;EA;0.02;69;1;1253
OneMax;100;1252;EA;0.02;70;3;1253
OneMax;100;1252;EA;0.02;71;0;922
OneMax;100;1252;EA;0.02;72;1;1253
OneMax;100;1252;EA;0.02;73;2;1253
OneMax;100;1252;EA;0.02;74;0;1062
OneMax;100;1252;EA;0.02;75;1;1253
OneMax;100;1252;EA;0.02;76;0;820
OneMax;100;1252;EA;0.02;77;0;1231
OneMax;100;1252;EA;0.02;78;2;1253
OneMax;100;1252;EA;0.02;79;0;1130
OneMax;100;1252;EA;0.02;80;1;1253
OneMax;100;1252;EA;0.02;81;1;1253
OneMax;100;1252;EA;0.02;82;0;1184
OneMax;100;1252;EA;0.02;83;0;732
OneMax;100;1252;EA;0.02;84;0;1105
OneMax;100;1252;EA;0.02;85;1;1253
OneMax;100;1252;EA;0.02;86;1;1253
OneMax;100;1252;EA;0.02;87;0;959
OneMax;100;1252;EA;0.02;88;1;1253
OneMax;100;1252;EA;0.02;89;0;1233
OneMax;100;1252;EA;0.02;90;0;1074
OneMax;100;1252;EA;0.02;91;0;769
OneMax;100;1252;EA;0.02;92;0;1188
OneMax;100;1252;EA;0.02;93;0;701
OneMax;100;1252;EA;0.02;94;1;1253
OneMax;100;1252;EA;0.02;95;0;1022
OneMax;100;1252;EA;0.02;96;0;1211
OneMax;100;1252;EA;0.02;97;0;834
OneMax;100;1252;EA;0.02;98;0;980
OneMax;100;1252;EA;0.02;99;1;1253
OneMax;100;2504;EA;0.02;0;0;1044
OneMax;100;2504;EA;0.02;1;0;1177
OneMax;100;2504;EA;0.02;2;0;1145
OneMax;100;2504;EA;0.02;3;0;1084
OneMax;100;2504;EA;0.02;4;0;1578
OneMax;100;2504;EA;0.02;5;0;1223
OneMax;100;2504;EA;0.02;6;0;2005
OneMax;100;2504;EA;0.02;7;0;1689
OneMax;100;2504;EA;0.02;8;0;793
OneMax;100;2504;EA;0.02;9;0;1145
OneMax;100;2504;EA;0.02;10;0;1198
OneMax;100;2504;EA;0.02;11;0;1013
OneMax;100;2504;EA;0.02;12;0;871
OneMax;100;2504;EA;0.02;13;0;930
OneMax;100;2504;EA;0.02;14;0;1072
OneMax;100;2504;EA;0.02;15;0;1407
OneMax;100;2504;EA;0.02;16;0;1007
OneMax;100;2504;EA;0.02;17;0;1279
OneMax;100;2504;EA;0.02;18;0;1459
OneMax;100;2504;EA;0.02;19;1;2505
OneMax;100;2504;EA;0.02;20;0;1618
OneMax;100;2504;EA;0.02;21;0;1010
OneMax;100;2504;EA;0.02;22;0;971
OneMax;100;2504;EA;0.02;23;0;1233
OneMax;100;2504;EA;0.02;24;0;1967
OneMax;100;2504;EA;0.02;25;0;1919
OneMax;100;2504;EA;0.02;26;0;648
OneMax;100;2504;EA;0.02;27;0;1253
OneMax;100;2504;EA;0.02;28;0;1758
OneMax;100;2504;EA;0.02;29;0;1080
OneMax;100;2504;EA;0.02;30;0;1507
OneMax;100;2504;EA;0.02;31;0;906
OneMax;100;2504;EA;0.02;32;0;964
OneMax;100;2504;EA;0.02;33;0;1152
OneMax;100;2504;EA;0.02;34;0;1192
OneMax;100;2504;EA;0.02;35;0;620
OneMax;100;2504;EA;0.02;36;0;1349
OneMax;100;2504;EA;0.02;37;0;1463
OneMax;100;2504;EA;0.02;38;0;2149
OneMax;100;2504;EA;0.02;39;0;1156
OneMax;100;2504;EA;0.02;40;0;882
OneMax;100;2504;EA;0.02;41;0;1242
OneMax;100;2504;EA;0.02;42;0;1314
OneMax;100;2504;EA;0.02;43;0;1239
OneMax;100;2504;EA;0.02;44;0;1651
OneMax;100;2504;EA;0.02;45;0;1002
OneMax;100;2504;EA;0.02;46;0;1130
OneMax;100;2504;EA;0.02;47;0;1453
OneMax;100;2504;EA;0.02;48;0;1696
OneMax;100;2504;EA;0.02;49;0;1189
OneMax;100;2504;EA;0.02;50;0;1507
OneMax;100;2504;EA;0.02;51;0;839
OneMax;100;2504;EA;0.02;52;0;1821
OneMax;100;2504;EA;0.02;53;0;1115
OneMax;100;2504;EA;0.02;54;0;887
OneMax;100;2504;EA;0.02;55;0;1410
OneMax;100;2504;EA;0.02;56;0;704
OneMax;100;2504;EA;0.02;57;0;1613
OneMax;100;2504;EA;0.02;58;0;960
OneMax;100;2504;EA;0.02;59;0;1706
OneMax;100;2504;EA;0.02;60;0;1221
OneMax;100;2504;EA;0.02;61;0;1431
OneMax;100;2504;EA;0.02;62;0;1644
OneMax;100;2504;EA;0.02;63;0;1372
OneMax;100;2504;EA;0.02;64;0;1385
OneMax;100;2504;EA;0.02;65;0;1831
OneMax;100;2504;EA;0.02;66;0;915
OneMax;100;2504;EA;0.02;67;0;968
OneMax;100;2504;EA;0.02;68;0;887
OneMax;100;2504;EA;0.02;69;0;1235
OneMax;100;2504;EA;0.02;70;0;1543
OneMax;100;2504;EA;0.02;71;0;735
OneMax;100;2504;EA;0.02;72;0;1165
OneMax;100;2504;EA;0.02;73;0;754
OneMax;100;2504;EA;0.02;74;0;1299
OneMax;100;2504;EA;0.02;75;0;1216
OneMax;100;2504;EA;0.02;76;0;600
OneMax;100;2504;EA;0.02;77;0;1781
OneMax;100;2504;EA;0.02;78;0;738
OneMax;100;2504;EA;0.02;79;0;2106
OneMax;100;2504;EA;0.02;80;0;1724
OneMax;100;2504;EA;0.02;81;0;1624
OneMax;100;2504;EA;0.02;82;0;1275
OneMax;100;2504;EA;0.02;83;0;1273
OneMax;100;2504;EA;0.02;84;0;1681
OneMax;100;2504;EA;0.02;85;0;634
OneMax;100;2504;EA;0.02;86;0;638
OneMax;100;2504;EA;0.02;87;0;812
OneMax;100;2504;EA;0.02;88;0;979
OneMax;100;2504;EA;0.02;89;0;1235
OneMax;100;2504;EA;0.02;90;0;1638
OneMax;100;2504;EA;0.02;91;0;747
OneMax;100;2504;EA;0.02;92;1;2505
OneMax;100;2504;EA;0.02;93;0;926
OneMax;100;2504;EA;0.02;94;0;1281
OneMax;100;2504;EA;0.02;95;0;1034
OneMax;100;2504;EA;0.02;96;0;1313
OneMax;100;2504;EA;0.02;97;0;1699
OneMax;100;2504;EA;0.02;98;0;1019
OneMax;100;2504;EA;0.02;99;0;753
OneMax;200;2881;EA;0.005;0;0;2596
OneMax;200;2881;EA;0.005;1;1;2882
OneMax;200;2881;EA;0.005;2;0;1847
OneMax;200;2881;EA;0.005;3;0;2057
OneMax;200;2881;EA;0.005;4;0;1506
OneMax;200;2881;EA;0.005;5;0;1945
OneMax;200;2881;EA;0.005;6;0;2743
OneMax;200;2881;EA;0.005;7;0;2054
OneMax;200;2881;EA;0.005;8;0;1791
OneMax;200;2881;EA;0.005;9;0;2391
OneMax;200;2881;EA;0.005;10;0;1423
OneMax;200;2881;EA;0.005;11;0;1233
OneMax;200;2881;EA;0.005;12;0;1607
OneMax;200;2881;EA;0.005;13;0;2402
OneMax;200;2881;EA;0.005;14;0;1941
OneMax;200;2881;EA;0.005;15;0;1713
OneMax;200;2881;EA;0.005;16;0;2115
OneMax;200;2881;EA;0.005;17;0;1843
OneMax;200;2881;EA;0.005;18;1;2882
OneMax;200;2881;EA;0.005;19;0;2007
OneMax;200;2881;EA;0.005;20;1;2882
OneMax;200;2881;EA;0.005;21;0;2581
OneMax;200;2881;EA;0.005;22;1;2882
OneMax;200;2881;EA;0.005;23;0;2792
OneMax;200;2881;EA;0.005;24;0;2634
OneMax;200;2881;EA;0.005;25;0;1686
OneMax;200;2881;EA;0.005;26;1;2882
OneMax;200;2881;EA;0.005;27;1;2882
OneMax;200;2881;EA;0.005;28;1;2882
OneMax;200;2881;EA;0.005;29;0;2537
OneMax;200;2881;EA;0.005;30;0;2710
OneMax;200;2881;EA;0.005;31;0;2565
OneMax;200;2881;EA;0.005;32;0;2467
OneMax;200;2881;EA;0.005;33;0;2329
OneMax;200;2881;EA;0.005;34;0;2271
OneMax;200;2881;EA;0.005;35;1;2882
OneMax;200;2881;EA;0.005;36;0;2239
OneMax;200;2881;EA;0.005;37;0;2506
OneMax;200;2881;EA;0.005;38;0;2087
OneMax;200;2881;EA;0.005;39;0;1809
OneMax;200;2881;EA;0.005;40;1;2882
OneMax;200;2881;EA;0.005;41;0;2780
OneMax;200;2881;EA;0.005;42;0;2310
OneMax;200;2881;EA;0.005;43;1;2882
OneMax;200;2881;EA;0.005;44;1;2882
OneMax;200;2881;EA;0.005;45;0;2366
OneMax;200;2881;EA;0.005;46;0;1738
OneMax;200;2881;EA;0.005;47;0;2104
OneMax;200;2881;EA;0.005;48;0;2360
OneMax;200;2881;EA;0.005;49;0;2762
OneMax;200;2881;EA;0.005;50;1;2882
OneMax;200;2881;EA;0.005;51;0;1889
OneMax;200;2881;EA;0.005;52;0;2205
OneMax;200;2881;EA;0.005;53;1;2882
OneMax;200;2881;EA;0.005;54;0;2804
OneMax;200;2881;EA;0.005;55;0;2420
OneMax;200;2881;EA;0.005;56;0;1992
OneMax;200;2881;EA;0.005;57;0;1645
OneMax;200;2881;EA;0.005;58;0;2356
OneMax;200;2881;EA;0.005;59;1;2882
OneMax;200;2881;EA;0.005;60;0;2642
OneMax;200;2881;EA;0.005;61;0;1817
OneMax;200;2881;EA;0.005;62;0;2238
OneMax;200;2881;EA;0.005;63;0;2016
OneMax;200;2881;EA;0.005;64;0;2238
OneMax;200;2881;EA;0.005;65;0;2659
OneMax;200;2881;EA;0.005;66;0;2005
OneMax;200;2881;EA;0.005;67;0;1947
OneMax;200;2881;EA;0.005;68;0;2061
OneMax;200;2881;EA;0.005;69;0;1853
OneMax;200;2881;EA;0.005;70;0;2661
OneMax;200;2881;EA;0.005;71;1;2882
OneMax;200;2881;EA;0.005;72;1;2882
OneMax;200;2881;EA;0.005;73;0;1970
OneMax;200;2881;EA;0.005;74;0;2857
OneMax;200;2881;EA;0.005;75;0;2496
OneMax;200;2881;EA;0.005;76;1;2882
OneMax;200;2881;EA;0.005;77;0;1282
OneMax;200;2881;EA;0.005;78;0;2741
OneMax;200;2881;EA;0.005;79;1;2882
OneMax;200;2881;EA;0.005;80;0;2324
OneMax;200;2881;EA;0.005;81;0;1566
OneMax;200;2881;EA;0.005;82;1;2882
OneMax;200;2881;EA;0.005;83;0;2439
OneMax;200;2881;EA;0.005;84;0;1622
OneMax;200;2881;EA;0.005;85;0;2247
OneMax;200;2881;EA;0.005;86;0;2771
OneMax;200;2881;EA;0.005;87;1;2882
OneMax;200;2881;EA;0.005;88;0;2128
OneMax;200;2881;EA;0.005;89;0;2000
OneMax;200;2881;EA;0.005;90;0;1955
OneMax;200;2881;EA;0.005;91;0;2324
OneMax;200;2881;EA;0.005;92;0;2154
OneMax;200;2881;EA;0.005;93;0;2778
OneMax;200;2881;EA;0.005;94;0;2087
OneMax;200;2881;EA;0.005;95;0;1557
OneMax;200;2881;EA;0.005;96;1;2882
OneMax;200;2881;EA;0.005;97;0;2262
OneMax;200;2881;EA;0.005;98;0;2704
OneMax;200;2881;EA;0.005;99;1;2882
OneMax;200;5761;EA;0.005;0;0;2438
OneMax;200;5761;EA;0.005;1;0;2435
OneMax;200;5761;EA;0.005;2;0;3409
OneMax;200;5761;EA;0.005;3;0;3510
OneMax;200;5761;EA;0.005;4;0;2339
OneMax;200;5761;EA;0.005;5;0;2869
OneMax;200;5761;EA;0.005;6;0;2057
OneMax;200;5761;EA;0.005;7;0;1668
OneMax;200;5761;EA;0.005;8;0;2482
OneMax;200;5761;EA;0.005;9;0;2766
OneMax;200;5761;EA;0.005;10;0;1950
OneMax;200;5761;EA;0.005;11;0;2107
OneMax;200;5761;EA;0.005;12;0;1832
OneMax;200;5761;EA;0.005;13;0;3057
OneMax;200;5761;EA;0.005;14;0;2602
OneMax;200;5761;EA;0.005;15;0;1928
OneMax;200;5761;EA;0.005;16;0;3233
OneMax;200;5761;EA;0.005;17;0;2457
OneMax;200;5761;EA;0.005;18;0;1683
OneMax;200;5761;EA;0.005;19;0;2466
OneMax;200;5761;EA;0.005;20;0;1950
OneMax;200;5761;EA;0.005;21;0;4462
OneMax;200;5761;EA;0.005;22;0;2824
OneMax;200;5761;EA;0.005;23;0;1809
OneMax;200;5761;EA;0.005;24;0;2138
OneMax;200;5761;EA;0.005;25;0;3222
OneMax;200;5761;EA;0.005;26;0;1806
OneMax;200;5761;EA;0.005;27;0;3862
OneMax;200;5761;EA;0.005;28;0;2087
OneMax;200;5761;EA;0.005;29;0;2564
OneMax;200;5761;EA;0.005;30;0;2672
OneMax;200;5761;EA;0.005;31;0;2336
OneMax;200;5761;EA;0.005;32;0;2179
OneMax;200;5761;EA;0.005;33;0;2270
OneMax;200;5761;EA;0.005;34;0;1833
OneMax;200;5761;EA;0.005;35;0;1760
OneMax;200;5761;EA;0.005;36;0;2022
OneMax;200;5761;EA;0.005;37;0;2028
OneMax;200;5761;EA;0.005;38;0;3381
OneMax;200;5761;EA;0.005;39;0;1994
OneMax;200;5761;EA;0.005;40;0;2467
OneMax;200;5761;EA;0.005;41;0;1941
OneMax;200;5761;EA;0.005;42;0;2465
OneMax;200;5761;EA;0.005;43;0;3387
OneMax;200;5761;EA;0.005;44;0;2785
OneMax;200;5761;EA;0.005;45;0;2393
OneMax;200;5761;EA;0.005;46;0;2245
OneMax;200;5761;EA;0.005;47;0;2380
OneMax;200;5761;EA;0.005;48;0;3936
OneMax;200;5761;EA;0.005;49;0;3785
OneMax;200;5761;EA;0.005;50;0;3130
OneMax;200;5761;EA;0.005;51;0;2958
OneMax;200;5761;EA;0.005;52;0;2265
OneMax;200;5761;EA;0.005;53;0;2008
OneMax;200;5761;EA;0.005;54;0;2252
OneMax;200;5761;EA;0.005;55;0;2891
OneMax;200;5761;EA;0.005;56;0;3836
OneMax;200;5761;EA;0.005;57;0;2983
OneMax;200;5761;EA;0.005;58;0;2542
OneMax;200;5761;EA;0.005;59;0;2457
OneMax;200;5761;EA;0.005;60;0;3244
OneMax;200;5761;EA;0.005;61;0;2449
OneMax;200;5761;EA;0.005;62;0;2312
OneMax;200;5761;EA;0.005;63;0;2059
OneMax;200;5761;EA;0.005;64;0;2065
OneMax;200;5761;EA;0.005;65;0;1742
OneMax;200;5761;EA;0.005;66;0;2070
OneMax;200;5761;EA;0.005;67;0;3680
OneMax;200;5761;EA;0.005;68;0;2335
OneMax;200;5761;EA;0.005;69;0;2075
OneMax;200;5761;EA;0.005;70;0;2188
OneMax;200;5761;EA;0.005;71;0;2502
OneMax;200;5761;EA;0.005;72;0;2467
OneMax;200;5761;EA;0.005;73;0;1887
OneMax;200;5761;EA;0.005;74;0;1533
OneMax;200;5761;EA;0.005;75;0;2949
OneMax;200;5761;EA;0.005;76;0;1953
OneMax;200;5761;EA;0.005;77;0;1868
OneMax;200;5761;EA;0.005;78;0;2688
OneMax;200;5761;EA;0.005;79;0;3194
OneMax;200;5761;EA;0.005;80;0;3152
OneMax;200;5761;EA;0.005;81;0;1448
OneMax;200;5761;EA;0.005;82;0;3598
OneMax;200;5761;EA;0.005;83;0;2132
OneMax;200;5761;EA;0.005;84;0;2798
OneMax;200;5761;EA;0.005;85;0;1921
OneMax;200;5761;EA;0.005;86;0;1979
OneMax;200;5761;EA;0.005;87;0;2366
OneMax;200;5761;EA;0.005;88;0;3674
OneMax;200;5761;EA;0.005;89;0;4533
OneMax;200;5761;EA;0.005;90;0;1854
OneMax;200;5761;EA;0.005;91;0;2260
OneMax;200;5761;EA;0.005;92;0;2576
OneMax;200;5761;EA;0.005;93;0;1612
OneMax;200;5761;EA;0.005;94;0;3047
OneMax;200;5761;EA;0.005;95;0;2910
OneMax;200;5761;EA;0.005;96;0;1482
OneMax;200;5761;EA;0.005;97;0;1860
OneMax;200;5761;EA;0.005;98;0;3052
OneMax;200;5761;EA;0.005;99;0;2736
OneMax;200;2881;EA;0.01;0;1;2882
OneMax;200;2881;EA;0.01;1;0;1533
OneMax;200;2881;EA;0.01;2;0;2505
OneMax;200;2881;EA;0.01;3;1;2882
OneMax;200;2881;EA;0.01;4;1;2882
OneMax;200;2881;EA;0.01;5;2;2882
OneMax;200;2881;EA;0.01;6;2;2882
OneMax;200;2881;EA;0.01;7;1;2882
OneMax;200;2881;EA;0.01;8;0;2184
OneMax;200;2881;EA;0.01;9;0;2359
OneMax;200;2881;EA;0.01;10;1;2882
OneMax;200;2881;EA;0.01;11;1;2882
OneMax;200;2881;EA;0.01;12;1;2882
OneMax;200;2881;EA;0.01;13;3;2882
OneMax;200;2881;EA;0.01;14;1;2882
OneMax;200;2881;EA;0.01;15;2;2882
OneMax;200;2881;EA;0.01;16;1;2882
OneMax;200;2881;EA;0.01;17;0;2503
OneMax;200;2881;EA;0.01;18;0;2069
OneMax;200;2881;EA;0.01;19;1;2882
OneMax;200;2881;EA;0.01;20;0;1909
OneMax;200;2881;EA;0.01;21;0;2038
OneMax;200;2881;EA;0.01;22;0;2562
OneMax;200;2881;EA;0.01;23;0;1687
OneMax;200;2881;EA;0.01;24;1;2882
OneMax;200;2881;EA;0.01;25;1;2882
OneMax;200;2881;EA;0.01;26;0;1667
OneMax;200;2881;EA;0.01;27;0;1931
OneMax;200;2881;EA;0.01;28;0;1641
OneMax;200;2881;EA;0.01;29;0;1724
OneMax;200;2881;EA;0.01;30;0;2288
OneMax;200;2881;EA;0.01;31;1;2882
OneMax;200;2881;EA;0.01;32;1;2882
OneMax;200;2881;EA;0.01;33;1;2882
OneMax;200;2881;EA;0.01;34;0;2314
OneMax;200;2881;EA;0.01;35;1;2882
OneMax;200;2881;EA;0.01;36;0;2112
OneMax;200;2881;EA;0.01;37;1;2882
OneMax;200;2881;EA;0.01;38;0;2328
OneMax;200;2881;EA;0.01;39;0;1921
OneMax;200;2881;EA;0.01;40;0;2286
OneMax;200;2881;EA;0.01;41;1;2882
OneMax;200;2881;EA;0.01;42;1;2882
OneMax;200;2881;EA;0.01;43;2;2882
OneMax;200;2881;EA;0.01;44;2;2882
OneMax;200;2881;EA;0.01;45;3;2882
OneMax;200;2881;EA;0.01;46;0;2268
OneMax;200;2881;EA;0.01;47;2;2882
OneMax;200;2881;EA;0.01;48;0;2089
OneMax;200;2881;EA;0.01;49;1;2882
OneMax;200;2881;EA;0.01;50;0;2751
OneMax;200;2881;EA;0.01;51;1;2882
OneMax;200;2881;EA;0.01;52;0;2204
OneMax;200;2881;EA;0.01;53;1;2882
OneMax;200;2881;EA;0.01;54;2;2882
OneMax;200;2881;EA;0.01;55;3;2882
OneMax;200;2881;EA;0.01;56;1;2882
OneMax;200;2881;EA;0.01;57;0;2230
OneMax;200;2881;EA;0.01;58;1;2882
OneMax;200;2881;EA;0.01;59;1;2882
OneMax;200;2881;EA;0.01;60;0;2126
OneMax;200;2881;EA;0.01;61;1;2882
OneMax;200;2881;EA;0.01;62;2;2882
OneMax;200;2881;EA;0.01;63;0;2555
OneMax;200;2881;EA;0.01;64;3;2882
OneMax;200;2881;EA;0.01;65;1;2882
OneMax;200;2881;EA;0.01;66;1;2882
OneMax;200;2881;EA;0.01;67;1;2882
OneMax;200;2881;EA;0.01;68;0;1998
OneMax;200;2881;EA;0.01;69;0;1689
OneMax;200;2881;EA;0.01;70;2;2882
OneMax;200;2881;EA;0.01;71;0;2596
OneMax;200;2881;EA;0.01;72;0;2768
OneMax;200;2881;EA;0.01;73;3;2882
OneMax;200;2881;EA;0.01;74;1;2882
OneMax;200;2881;EA;0.01;75;0;2349
OneMax;200;2881;EA;0.01;76;1;2882
OneMax;200;2881;EA;0.01;77;0;2306
OneMax;200;2881;EA;0.01;78;1;2882
OneMax;200;2881;EA;0.01;79;0;2624
OneMax;200;2881;EA;0.01;80;1;2882
OneMax;200;2881;EA;0.01;81;0;1745
OneMax;200;2881;EA;0.01;82;2;2882
OneMax;200;2881;EA;0.01;83;0;2394
OneMax;200;2881;EA;0.01;84;1;2882
OneMax;200;2881;EA;0.01;85;0;1846
OneMax;200;2881;EA;0.01;86;0;2008
OneMax;200;2881;EA;0.01;87;0;2155
OneMax;200;2881;EA;0.01;88;0;2881
OneMax;200;2881;EA;0.01;89;1;2882
OneMax;200;2881;EA;0.01;90;0;2764
OneMax;200;2881;EA;0.01;91;1;2882
OneMax;200;2881;EA;0.01;92;1;2882
OneMax;200;2881;EA;0.01;93;0;2552
OneMax;200;2881;EA;0.01;94;1;2882
OneMax;200;2881;EA;0.01;95;1;2882
OneMax;200;2881;EA;0.01;96;0;2490
OneMax;200;2881;EA;0.01;97;0;2415
OneMax;200;2881;EA;0.01;98;1;2882
OneMax;200;2881;EA;0.01;99;0;2774
OneMax;200;5761;EA;0.01;0;0;1891
OneMax;200;5761;EA;0.01;1;0;3269
OneMax;200;5761;EA;0.01;2;0;4950
OneMax;200;5761;EA;0.01;3;0;2228
OneMax;200;5761;EA;0.01;4;0;1653
OneMax;200;5761;EA;0.01;5;0;3676
OneMax;200;5761;EA;0.01;6;0;2365
OneMax;200;5761;EA;0.01;7;0;2506
OneMax;200;5761;EA;0.01;8;0;2123
OneMax;200;5761;EA;0.01;9;0;3160
OneMax;200;5761;EA;0.01;10;0;2051
OneMax;200;5761;EA;0.01;11;0;2456
OneMax;200;5761;EA;0.01;12;0;2697
OneMax;200;5761;EA;0.01;13;0;2679
OneMax;200;5761;EA;0.01;14;0;5697
OneMax;200;5761;EA;0.01;15;0;2971
OneMax;200;5761;EA;0.01;16;0;2478
OneMax;200;5761;EA;0.01;17;0;2498
OneMax;200;5761;EA;0.01;18;0;2543
OneMax;200;5761;EA;0.01;19;0;3223
OneMax;200;5761;EA;0.01;20;0;5031
OneMax;200;5761;EA;0.01;21;0;3910
OneMax;200;5761;EA;0.01;22;0;3444
OneMax;200;5761;EA;0.01;23;0;2313
OneMax;200;5761;EA;0.01;24;0;2221
OneMax;200;5761;EA;0.01;25;0;1531
OneMax;200;5761;EA;0.01;26;0;3057
OneMax;200;5761;EA;0.01;27;0;3412
OneMax;200;5761;EA;0.01;28;0;1898
OneMax;200;5761;EA;0.01;29;0;2665
OneMax;200;5761;EA;0.01;30;0;2254
OneMax;200;5761;EA;0.01;31;0;2295
OneMax;200;5761;EA;0.01;32;0;2186
OneMax;200;5761;EA;0.01;33;0;2758
OneMax;200;5761;EA;0.01;34;0;3385
OneMax;200;5761;EA;0.01;35;0;3609
OneMax;200;5761;EA;0.01;36;0;3816
OneMax;200;5761;EA;0.01;37;0;5408
OneMax;200;5761;EA;0.01;38;0;2966
OneMax;200;5761;EA;0.01;39;0;4774
OneMax;200;5761;EA;0.01;40;0;3158
OneMax;200;5761;EA;0.01;41;0;2465
OneMax;200;5761;EA;0.01;42;0;2499
OneMax;200;5761;EA;0.01;43;0;4982
OneMax;200;5761;EA;0.01;44;0;2093
OneMax;200;5761;EA;0.01;45;0;1581
OneMax;200;5761;EA;0.01;46;0;2740
OneMax;200;5761;EA;0.01;47;0;2497
OneMax;200;5761;EA;0.01;48;0;2377
OneMax;200;5761;EA;0.01;49;0;3181
OneMax;200;5761;EA;0.01;50;0;2113
OneMax;200;5761;EA;0.01;51;0;1875
OneMax;200;5761;EA;0.01;52;0;2418
OneMax;200;5761;EA;0.01;53;0;3267
OneMax;200;5761;EA;0.01;54;0;3308
OneMax;200;5761;EA;0.01;55;0;2556
OneMax;200;5761;EA;0.01;56;0;3804
OneMax;200;5761;EA;0.01;57;0;2191
OneMax;200;5761;EA;0.01;58;0;2701
OneMax;200;5761;EA;0.01;59;0;2554
OneMax;200;5761;EA;0.01;60;0;3267
OneMax;200;5761;EA;0.01;61;0;2249
OneMax;200;5761;EA;0.01;62;0;1944
OneMax;200;5761;EA;0.01;63;0;3065
OneMax;200;5761;EA;0.01;64;0;1930
OneMax;200;5761;EA;0.01;65;0;2724
OneMax;200;5761;EA;0.01;66;0;1815
OneMax;200;5761;EA;0.01;67;0;2814
OneMax;200;5761;EA;0.01;68;0;2731
OneMax;200;5761;EA;0.01;69;0;5422
OneMax;200;5761;EA;0.01;70;0;2200
OneMax;200;5761;EA;0.01;71;0;2025
OneMax;200;5761;EA;0.01;72;0;2862
OneMax;200;5761;EA;0.01;73;0;2356
OneMax;200;5761;EA;0.01;74;0;3720
OneMax;200;5761;EA;0.01;75;0;4515
OneMax;200;5761;EA;0.01;76;0;2827
OneMax;200;5761;EA;0.01;77;0;4202
OneMax;200;5761;EA;0.01;78;0;3184
OneMax;200;5761;EA;0.01;79;0;1582
OneMax;200;5761;EA;0.01;80;0;4489
OneMax;200;5761;EA;0.01;81;0;1957
OneMax;200;5761;EA;0.01;82;0;4172
OneMax;200;5761;EA;0.01;83;0;2941
OneMax;200;5761;EA;0.01;84;0;2044
OneMax;200;5761;EA;0.01;85;0;4999
OneMax;200;5761;EA;0.01;86;0;3282
OneMax;200;5761;EA;0.01;87;0;3087
OneMax;200;5761;EA;0.01;88;0;3296
OneMax;200;5761;EA;0.01;89;0;2454
OneMax;200;5761;EA;0.01;90;0;3510
OneMax;200;5761;EA;0.01;91;0;2672
OneMax;200;5761;EA;0.01;92;0;2769
OneMax;200;5761;EA;0.01;93;0;3832
OneMax;200;5761;EA;0.01;94;0;2131
OneMax;200;5761;EA;0.01;95;0;2607
OneMax;200;5761;EA;0.01;96;0;1967
OneMax;200;5761;EA;0.01;97;0;3162
OneMax;200;5761;EA;0.01;98;0;2245
OneMax;200;5761;EA;0.01;99;0;2585
OneMax;500;8447;EA;0.002;0;0;7294
OneMax;500;8447;EA;0.002;1;0;5242
OneMax;500;8447;EA;0.002;2;0;4634
OneMax;500;8447;EA;0.002;3;0;5397
OneMax;500;8447;EA;0.002;4;0;5701
OneMax;500;8447;EA;0.002;5;0;6363
OneMax;500;8447;EA;0.002;6;0;7847
OneMax;500;8447;EA;0.002;7;0;6178
OneMax;500;8447;EA;0.002;8;0;8327
OneMax;500;8447;EA;0.002;9;0;8071
OneMax;500;8447;EA;0.002;10;0;5712
OneMax;500;8447;EA;0.002;11;0;7222
OneMax;500;8447;EA;0.002;12;0;7013
OneMax;500;8447;EA;0.002;13;0;7768
OneMax;500;8447;EA;0.002;14;0;7756
OneMax;500;8447;EA;0.002;15;0;7101
OneMax;500;8447;EA;0.002;16;0;6029
OneMax;500;8447;EA;0.002;17;1;8448
OneMax;500;8447;EA;0.002;18;1;8448
OneMax;500;8447;EA;0.002;19;0;6508
OneMax;500;8447;EA;0.002;20;0;8114
OneMax;500;8447;EA;0.002;21;1;8448
OneMax;500;8447;EA;0.002;22;0;6760
OneMax;500;8447;EA;0.002;23;0;6995
OneMax;500;8447;EA;0.002;24;0;6228
OneMax;500;8447;EA;0.002;25;0;5536
OneMax;500;8447;EA;0.002;26;0;6077
OneMax;500;8447;EA;0.002;27;1;8448
OneMax;500;8447;EA;0.002;28;0;7230
OneMax;500;8447;EA;0.002;29;0;5127
OneMax;500;8447;EA;0.002;30;0;7074
OneMax;500;8447;EA;0.002;31;0;6980
OneMax;500;8447;EA;0.002;32;0;5566
OneMax;500;8447;EA;0.002;33;0;8268
OneMax;500;8447;EA;0.002;34;0;8027
OneMax;500;8447;EA;0.002;35;0;8007
OneMax;500;8447;EA;0.002;36;1;8448
OneMax;500;8447;EA;0.002;37;0;6068
OneMax;500;8447;EA;0.002;38;0;6696
OneMax;500;8447;EA;0.002;39;0;6936
OneMax;500;8447;EA;0.002;40;0;8223
OneMax;500;8447;EA;0.002;41;1;8448
OneMax;500;8447;EA;0.002;42;0;6602
OneMax;500;8447;EA;0.002;43;0;5779
OneMax;500;8447;EA;0.002;44;0;6943
OneMax;500;8447;EA;0.002;45;1;8448
OneMax;500;8447;EA;0.002;46;1;8448
OneMax;500;8447;EA;0.002;47;1;8448
OneMax;500;8447;EA;0.002;48;0;6098
OneMax;500;8447;EA;0.002;49;0;6126
OneMax;500;8447;EA;0.002;50;0;7001
OneMax;500;8447;EA;0.002;51;0;7677
OneMax;500;8447;EA;0.002;52;0;5447
OneMax;500;8447;EA;0.002;53;0;7376
OneMax;500;8447;EA;0.002;54;0;4913
OneMax;500;8447;EA;0.002;55;0;7880
OneMax;500;8447;EA;0.002;56;1;8448
OneMax;500;8447;EA;0.002;57;0;7966
OneMax;500;8447;EA;0.002;58;0;6680
OneMax;500;8447;EA;0.002;59;1;8448
OneMax;500;8447;EA;0.002;60;1;8448
OneMax;500;8447;EA;0.002;61;0;7667
OneMax;500;8447;EA;0.002;62;0;6188
OneMax;500;8447;EA;0.002;63;1;8448
OneMax;500;8447;EA;0.002;64;0;6921
OneMax;500;8447;EA;0.002;65;0;6114
OneMax;500;8447;EA;0.002;66;0;6175
OneMax;500;8447;EA;0.002;67;0;6883
OneMax;500;8447;EA;0.002;68;1;8448
OneMax;500;8447;EA;0.002;69;0;7801
OneMax;500;8447;EA;0.002;70;0;5032
OneMax;500;8447;EA;0.002;71;1;8448
OneMax;500;8447;EA;0.002;72;1;8448
OneMax;500;8447;EA;0.002;73;0;4809
OneMax;500;8447;EA;0.002;74;0;5722
OneMax;500;8447;EA;0.002;75;0;6504
OneMax;500;8447;EA;0.002;76;0;7729
OneMax;500;8447;EA;0.002;77;0;5631
OneMax;500;8447;EA;0.002;78;2;8448
OneMax;500;8447;EA;0.002;79;0;7546
OneMax;500;8447;EA;0.002;80;0;8305
OneMax;500;8447;EA;0.002;81;0;5553
OneMax;500;8447;EA;0.002;82;1;8448
OneMax;500;8447;EA;0.002;83;0;6723
OneMax;500;8447;EA;0.002;84;0;8001
OneMax;500;8447;EA;0.002;85;0;8386
OneMax;500;8447;EA;0.002;86;0;7008
OneMax;500;8447;EA;0.002;87;0;6672
OneMax;500;8447;EA;0.002;88;0;6728
OneMax;500;8447;EA;0.002;89;1;8448
OneMax;500;8447;EA;0.002;90;1;8448
OneMax;500;8447;EA;0.002;91;0;6025
OneMax;500;8447;EA;0.002;92;1;8448
OneMax;500;8447;EA;0.002;93;0;5986
OneMax;500;8447;EA;0.002;94;0;7238
OneMax;500;8447;EA;0.002;95;1;8448
OneMax;500;8447;EA;0.002;96;1;8448
OneMax;500;8447;EA;0.002;97;0;6496
OneMax;500;8447;EA;0.002;98;0;5918
OneMax;500;8447;EA;0.002;99;0;5635
OneMax;500;16894;EA;0.002;0;0;6774
OneMax;500;16894;EA;0.002;1;0;7846
OneMax;500;16894;EA;0.002;2;0;6866
OneMax;500;16894;EA;0.002;3;0;6082
OneMax;500;16894;EA;0.002;4;0;8864
OneMax;500;16894;EA;0.002;5;0;8874
OneMax;500;16894;EA;0.002;6;0;6368
OneMax;500;16894;EA;0.002;7;0;5142
OneMax;500;16894;EA;0.002;8;0;5248
OneMax;500;16894;EA;0.002;9;0;6976
OneMax;500;16894;EA;0.002;10;0;6735
OneMax;500;16894;EA;0.002;11;0;8294
OneMax;500;16894;EA;0.002;12;0;6178
OneMax;500;16894;EA;0.002;13;0;7885
OneMax;500;16894;EA;0.002;14;0;9184
OneMax;500;16894;EA;0.002;15;0;5437
OneMax;500;16894;EA;0.002;16;0;7990
OneMax;500;16894;EA;0.002;17;0;10757
OneMax;500;16894;EA;0.002;18;0;7205
OneMax;500;16894;EA;0.002;19;0;7429
OneMax;500;16894;EA;0.002;20;0;5689
OneMax;500;16894;EA;0.002;21;0;7327
OneMax;500;16894;EA;0.002;22;0;7519
OneMax;500;16894;EA;0.002;23;0;7079
OneMax;500;16894;EA;0.002;24;0;6066
OneMax;500;16894;EA;0.002;25;0;8716
OneMax;500;16894;EA;0.002;26;0;4930
OneMax;500;16894;EA;0.002;27;0;7290
OneMax;500;16894;EA;0.002;28;0;9342
OneMax;500;16894;EA;0.002;29;0;5728
OneMax;500;16894;EA;0.002;30;0;4060
OneMax;500;16894;EA;0.002;31;0;6642
OneMax;500;16894;EA;0.002;32;0;5778
OneMax;500;16894;EA;0.002;33;0;10429
OneMax;500;16894;EA;0.002;34;0;6534
OneMax;500;16894;EA;0.002;35;0;6982
OneMax;500;16894;EA;0.002;36;0;6401
OneMax;500;16894;EA;0.002;37;0;6631
OneMax;500;16894;EA;0.002;38;0;7507
OneMax;500;16894;EA;0.002;39;0;5014
OneMax;500;16894;EA;0.002;40;0;7433
OneMax;500;16894;EA;0.002;41;0;6623
OneMax;500;16894;EA;0.002;42;0;5877
OneMax;500;16894;EA;0.002;43;0;6403
OneMax;500;16894;EA;0.002;44;0;6966
OneMax;500;16894;EA;0.002;45;0;6883
OneMax;500;16894;EA;0.002;46;0;5533
OneMax;500;16894;EA;0.002;47;0;8171
OneMax;500;16894;EA;0.002;48;0;6932
OneMax;500;16894;EA;0.002;49;0;6119
OneMax;500;16894;EA;0.002;50;0;5935
OneMax;500;16894;EA;0.002;51;0;6191
OneMax;500;16894;EA;0.002;52;0;12664
OneMax;500;16894;EA;0.002;53;0;7036
OneMax;500;16894;EA;0.002;54;0;15493
OneMax;500;16894;EA;0.002;55;0;6018
OneMax;500;16894;EA;0.002;56;0;7304
OneMax;500;16894;EA;0.002;57;0;8483
OneMax;500;16894;EA;0.002;58;0;7703
OneMax;500;16894;EA;0.002;59;0;7005
OneMax;500;16894;EA;0.002;60;0;8704
OneMax;500;16894;EA;0.002;61;0;8025
OneMax;500;16894;EA;0.002;62;0;9511
OneMax;500;16894;EA;0.002;63;0;8503
OneMax;500;16894;EA;0.002;64;0;7438
OneMax;500;16894;EA;0.002;65;0;6620
OneMax;500;16894;EA;0.002;66;0;8056
OneMax;500;16894;EA;0.002;67;0;5620
OneMax;500;16894;EA;0.002;68;0;5179
OneMax;500;16894;EA;0.002;69;0;8154
OneMax;500;16894;EA;0.002;70;0;10268
OneMax;500;16894;EA;0.002;71;0;9378
OneMax;500;16894;EA;0.002;72;0;8306
OneMax;500;16894;EA;0.002;73;0;8275
OneMax;500;16894;EA;0.002;74;0;4714
OneMax;500;16894;EA;0.002;75;0;5750
OneMax;500;16894;EA;0.002;76;0;8514
OneMax;500;16894;EA;0.002;77;0;10769
OneMax;500;16894;EA;0.002;78;0;7457
OneMax;500;16894;EA;0.002;79;0;7950
OneMax;500;16894;EA;0.002;80;0;8732
OneMax;500;16894;EA;0.002;81;0;5259
OneMax;500;16894;EA;0.002;82;0;6231
OneMax;500;16894;EA;0.002;83;0;6611
OneMax;500;16894;EA;0.002;84;0;6154
OneMax;500;16894;EA;0.002;85;0;6239
OneMax;500;16894;EA;0.002;86;0;7248
OneMax;500;16894;EA;0.002;87;0;6082
OneMax;500;16894;EA;0.002;88;0;9015
OneMax;500;16894;EA;0.002;89;0;5328
OneMax;500;16894;EA;0.002;90;0;6647
OneMax;500;16894;EA;0.002;91;0;7019
OneMax;500;16894;EA;0.002;92;0;8345
OneMax;500;16894;EA;0.002;93;0;5968
OneMax;500;16894;EA;0.002;94;0;4683
OneMax;500;16894;EA;0.002;95;0;10158
OneMax;500;16894;EA;0.002;96;0;6915
OneMax;500;16894;EA;0.002;97;0;6854
OneMax;500;16894;EA;0.002;98;0;6962
OneMax;500;16894;EA;0.002;99;0;9546
OneMax;500;8447;EA;0.004;0;0;6657
OneMax;500;8447;EA;0.004;1;1;8448
OneMax;500;8447;EA;0.004;2;0;8039
OneMax;500;8447;EA;0.004;3;0;6784
OneMax;500;8447;EA;0.004;4;1;8448
OneMax;500;8447;EA;0.004;5;0;5786
OneMax;500;8447;EA;0.004;6;3;8448
OneMax;500;8447;EA;0.004;7;0;7242
OneMax;500;8447;EA;0.004;8;2;8448
OneMax;500;8447;EA;0.004;9;2;8448
OneMax;500;8447;EA;0.004;10;1;8448
OneMax;500;8447;EA;0.004;11;0;7894
OneMax;500;8447;EA;0.004;12;0;7796
OneMax;500;8447;EA;0.004;13;0;7891
OneMax;500;8447;EA;0.004;14;1;8448
OneMax;500;8447;EA;0.004;15;2;8448
OneMax;500;8447;EA;0.004;16;1;8448
OneMax;500;8447;EA;0.004;17;0;7493
OneMax;500;8447;EA;0.004;18;1;8448
OneMax;500;8447;EA;0.004;19;0;6758
OneMax;500;8447;EA;0.004;20;0;6235
OneMax;500;8447;EA;0.004;21;1;8448
OneMax;500;8447;EA;0.004;22;0;8357
OneMax;500;8447;EA;0.004;23;2;8448
OneMax;500;8447;EA;0.004;24;1;8448
OneMax;500;8447;EA;0.004;25;2;8448
OneMax;500;8447;EA;0.004;26;1;8448
OneMax;500;8447;EA;0.004;27;1;8448
OneMax;500;8447;EA;0.004;28;3;8448
OneMax;500;8447;EA;0.004;29;1;8448
OneMax;500;8447;EA;0.004;30;1;8448
OneMax;500;8447;EA;0.004;31;2;8448
OneMax;500;8447;EA;0.004;32;0;6797
OneMax;500;8447;EA;0.004;33;0;8321
OneMax;500;8447;EA;0.004;34;1;8448
OneMax;500;8447;EA;0.004;35;1;8448
OneMax;500;8447;EA;0.004;36;0;7714
OneMax;500;8447;EA;0.004;37;0;8127
OneMax;500;8447;EA;0.004;38;3;8448
OneMax;500;8447;EA;0.004;39;0;8160
OneMax;500;8447;EA;0.004;40;0;7848
OneMax;500;8447;EA;0.004;41;1;8448
OneMax;500;8447;EA;0.004;42;1;8448
OneMax;500;8447;EA;0.004;43;1;8448
OneMax;500;8447;EA;0.004;44;0;7155
OneMax;500;8447;EA;0.004;45;0;7843
OneMax;500;8447;EA;0.004;46;0;7812
OneMax;500;8447;EA;0.004;47;1;8448
OneMax;500;8447;EA;0.004;48;1;8448
OneMax;500;8447;EA;0.004;49;0;7739
OneMax;500;8447;EA;0.004;50;0;8353
OneMax;500;8447;EA;0.004;51;1;8448
OneMax;500;8447;EA;0.004;52;0;6551
OneMax;500;8447;EA;0.004;53;0;6485
OneMax;500;8447;EA;0.004;54;1;8448
OneMax;500;8447;EA;0.004;55;0;7648
OneMax;500;8447;EA;0.004;56;2;8448
OneMax;500;8447;EA;0.004;57;0;6347
OneMax;500;8447;EA;0.004;58;0;7414
OneMax;500;8447;EA;0.004;59;1;8448
OneMax;500;8447;EA;0.004;60;2;8448
OneMax;500;8447;EA;0.004;61;1;8448
OneMax;500;8447;EA;0.004;62;1;8448
OneMax;500;8447;EA;0.004;63;2;8448
OneMax;500;8447;EA;0.004;64;0;7584
OneMax;500;8447;EA;0.004;65;0;6964
OneMax;500;8447;EA;0.004;66;0;5631
OneMax;500;8447;EA;0.004;67;0;8280
OneMax;500;8447;EA;0.004;68;3;8448
OneMax;500;8447;EA;0.004;69;0;6530
OneMax;500;8447;EA;0.004;70;2;8448
OneMax;500;8447;EA;0.004;71;0;8424
OneMax;500;8447;EA;0.004;72;1;8448
OneMax;500;8447;EA;0.004;73;0;6933
OneMax;500;8447;EA;0.004;74;0;5746
OneMax;500;8447;EA;0.004;75;0;7303
OneMax;500;8447;EA;0.004;76;1;8448
OneMax;500;8447;EA;0.004;77;1;8448
OneMax;500;8447;EA;0.004;78;0;6784
OneMax;500;8447;EA;0.004;79;0;8007
OneMax;500;8447;EA;0.004;80;1;8448
OneMax;500;8447;EA;0.004;81;1;8448
OneMax;500;8447;EA;0.004;82;1;8448
OneMax;500;8447;EA;0.004;83;3;8448
OneMax;500;8447;EA;0.004;84;3;8448
OneMax;500;8447;EA;0.004;85;0;7910
OneMax;500;8447;EA;0.004;86;1;8448
OneMax;500;8447;EA;0.004;87;1;8448
OneMax;500;8447;EA;0.004;88;1;8448
OneMax;500;8447;EA;0.004;89;1;8448
OneMax;500;8447;EA;0.004;90;0;7012
OneMax;500;8447;EA;0.004;91;0;6427
OneMax;500;8447;EA;0.004;92;0;5982
OneMax;500;8447;EA;0.004;93;1;8448
OneMax;500;8447;EA;0.004;94;0;8114
OneMax;500;8447;EA;0.004;95;1;8448
OneMax;500;8447;EA;0.004;96;1;8448
OneMax;500;8447;EA;0.004;97;2;8448
OneMax;500;8447;EA;0.004;98;0;5195
OneMax;500;8447;EA;0.004;99;1;8448
OneMax;500;16894;EA;0.004;0;0;10438
OneMax;500;16894;EA;0.004;1;0;6786
OneMax;500;16894;EA;0.004;2;0;10683
OneMax;500;16894;EA;0.004;3;0;10206
OneMax;500;16894;EA;0.004;4;0;6699
OneMax;500;16894;EA;0.004;5;0;7876
OneMax;500;16894;EA;0.004;6;0;14758
OneMax;500;16894;EA;0.004;7;0;7180
OneMax;500;16894;EA;0.004;8;0;10452
OneMax;500;16894;EA;0.004;9;0;6652
OneMax;500;16894;EA;0.004;10;0;7928
OneMax;500;16894;EA;0.004;11;0;8169
OneMax;500;16894;EA;0.004;12;0;9760
OneMax;500;16894;EA;0.004;13;0;8098
OneMax;500;16894;EA;0.004;14;0;8669
OneMax;500;16894;EA;0.004;15;0;8384
OneMax;500;16894;EA;0.004;16;0;8334
OneMax;500;16894;EA;0.004;17;0;6210
OneMax;500;16894;EA;0.004;18;0;6362
OneMax;500;16894;EA;0.004;19;0;10107
OneMax;500;16894;EA;0.004;20;0;8296
OneMax;500;16894;EA;0.004;21;0;11201
OneMax;500;16894;EA;0.004;22;0;5611
OneMax;500;16894;EA;0.004;23;0;11586
OneMax;500;16894;EA;0.004;24;0;7922
OneMax;500;16894;EA;0.004;25;0;13266
OneMax;500;16894;EA;0.004;26;0;8852
OneMax;500;16894;EA;0.004;27;0;13856
OneMax;500;16894;EA;0.004;28;0;9737
OneMax;500;16894;EA;0.004;29;0;12015
OneMax;500;16894;EA;0.004;30;0;7484
OneMax;500;16894;EA;0.004;31;0;7914
OneMax;500;16894;EA;0.004;32;0;11435
OneMax;500;16894;EA;0.004;33;0;9585
OneMax;500;16894;EA;0.004;34;0;7354
OneMax;500;16894;EA;0.004;35;0;6838
OneMax;500;16894;EA;0.004;36;0;6656
OneMax;500;16894;EA;0.004;37;0;12345
OneMax;500;16894;EA;0.004;38;0;8482
OneMax;500;16894;EA;0.004;39;0;12478
OneMax;500;16894;EA;0.004;40;0;7359
OneMax;500;16894;EA;0.004;41;0;8645
OneMax;500;16894;EA;0.004;42;0;8129
OneMax;500;16894;EA;0.004;43;0;8704
OneMax;500;16894;EA;0.004;44;0;10943
OneMax;500;16894;EA;0.004;45;0;4864
OneMax;500;16894;EA;0.004;46;0;7313
OneMax;500;16894;EA;0.004;47;0;11472
OneMax;500;16894;EA;0.004;48;0;13758
OneMax;500;16894;EA;0.004;49;0;8712
OneMax;500;16894;EA;0.004;50;0;6450
OneMax;500;16894;EA;0.004;51;0;14409
OneMax;500;16894;EA;0.004;52;0;10399
OneMax;500;16894;EA;0.004;53;0;7393
OneMax;500;16894;EA;0.004;54;0;11350
OneMax;500;16894;EA;0.004;55;0;10289
OneMax;500;16894;EA;0.004;56;0;6043
OneMax;500;16894;EA;0.004;57;0;9045
OneMax;500;16894;EA;0.004;58;0;5912
OneMax;500;16894;EA;0.004;59;0;10358
OneMax;500;16894;EA;0.004;60;0;9265
OneMax;500;16894;EA;0.004;61;0;9178
OneMax;500;16894;EA;0.004;62;0;9205
OneMax;500;16894;EA;0.004;63;0;6325
OneMax;500;16894;EA;0.004;64;0;8972
OneMax;500;16894;EA;0.004;65;0;13861
OneMax;500;16894;EA;0.004;66;0;11651
OneMax;500;16894;EA;0.004;67;0;5680
OneMax;500;16894;EA;0.004;68;0;10907
OneMax;500;16894;EA;0.004;69;0;8967
OneMax;500;16894;EA;0.004;70;0;8750
OneMax;500;16894;EA;0.004;71;0;8226
OneMax;500;16894;EA;0.004;72;0;7020
OneMax;500;16894;EA;0.004;73;0;9616
OneMax;500;16894;EA;0.004;74;0;10053
OneMax;500;16894;EA;0.004;75;0;5827
OneMax;500;16894;EA;0.004;76;0;6424
OneMax;500;16894;EA;0.004;77;0;9216
OneMax;500;16894;EA;0.004;78;0;12618
OneMax;500;16894;EA;0.004;79;0;7340
OneMax;500;16894;EA;0.004;80;0;7257
OneMax;500;16894;EA;0.004;81;0;11574
OneMax;500;16894;EA;0.004;82;0;7126
OneMax;500;16894;EA;0.004;83;0;8180
OneMax;500;16894;EA;0.004;84;0;7635
OneMax;500;16894;EA;0.004;85;0;10941
OneMax;500;16894;EA;0.004;86;0;14590
OneMax;500;16894;EA;0.004;87;0;8476
OneMax;500;16894;EA;0.004;88;0;11497
OneMax;500;16894;EA;0.004;89;0;9528
OneMax;500;16894;EA;0.004;90;1;16895
OneMax;500;16894;EA;0.004;91;0;8072
OneMax;500;16894;EA;0.004;92;0;6173
OneMax;500;16894;EA;0.004;93;0;8946
OneMax;500;16894;EA;0.004;94;0;10812
OneMax;500;16894;EA;0.004;95;0;7462
OneMax;500;16894;EA;0.004;96;0;9905
OneMax;500;16894;EA;0.004;97;0;13154
OneMax;500;16894;EA;0.004;98;0;7044
OneMax;500;16894;EA;0.004;99;0;13533
